IF NOT EXISTS (SELECT * FROM sys.databases WHERE name = 'ecommerce_db')
BEGIN
    CREATE DATABASE ecommerce_db;
END
GO

USE ecommerce_db;
GO

-- Create tables
CREATE TABLE Category (
    categoryID INT PRIMARY KEY,
    Name NVARCHAR(100) NOT NULL,
    Discription NVARCHAR(MAX)
);
GO

CREATE TABLE [User] (
    UserID INT PRIMARY KEY,
    First_name NVARCHAR(50) NOT NULL,
    Last_name NVARCHAR(50) NOT NULL,
    Email NVARCHAR(100) UNIQUE NOT NULL,
    password_hash NVARCHAR(255) NOT NULL,
    phone NVARCHAR(20),
    gender NVARCHAR(10) NOT NULL CHECK (gender IN ('male', 'female', 'other')),
    join_date DATETIME NOT NULL
);
GO

CREATE TABLE Product (
    productID INT PRIMARY KEY,
    Name NVARCHAR(200) NOT NULL,
    Discription NVARCHAR(MAX),
    price DECIMAL(10,2) NOT NULL,
    Brand NVARCHAR(100),
    stock INT NOT NULL DEFAULT 0,
    discount_percentage FLOAT DEFAULT 0,
    category_ID INT,
    FOREIGN KEY (category_ID) REFERENCES Category(categoryID)
);
GO

CREATE TABLE Address (
    Address_id INT PRIMARY KEY,
    street NVARCHAR(200) NOT NULL,
    city NVARCHAR(100) NOT NULL,
    state NVARCHAR(100) NOT NULL,
    country NVARCHAR(100) NOT NULL,
    address_type NVARCHAR(10) NOT NULL CHECK (address_type IN ('shipping', 'billing')),
    user_id INT,
    FOREIGN KEY (user_id) REFERENCES [User](UserID)
);
GO

CREATE TABLE [Order] (
    orderID INT PRIMARY KEY,
    Status NVARCHAR(20) NOT NULL CHECK (Status IN ('pending', 'processing', 'shipped', 'delivered', 'cancelled')),
    order_created_at DATETIME NOT NULL,
    order_completed_at DATETIME,
    shipping_cost DECIMAL(10,2) NOT NULL,
    user_id INT,
    shipping_address_id INT,
    FOREIGN KEY (user_id) REFERENCES [User](UserID),
    FOREIGN KEY (shipping_address_id) REFERENCES Address(Address_id)
);
GO

CREATE TABLE Payment (
    paymentID INT PRIMARY KEY,
    amount DECIMAL(10,2) NOT NULL,
    payment_date DATETIME NOT NULL,
    status NVARCHAR(20) NOT NULL CHECK (status IN ('pending', 'completed', 'failed', 'refunded')),
    method NVARCHAR(20) NOT NULL CHECK (method IN ('credit_card', 'debit_card', 'paypal', 'cash', 'bank_transfer')),
    Order_id INT UNIQUE,
    FOREIGN KEY (Order_id) REFERENCES [Order](orderID)
);
GO

CREATE TABLE OrderDetails (
    order_id INT,
    product_id INT,
    quantity INT NOT NULL,
    unit_price DECIMAL(10,2) NOT NULL,
    PRIMARY KEY (order_id, product_id),
    FOREIGN KEY (order_id) REFERENCES [Order](orderID),
    FOREIGN KEY (product_id) REFERENCES Product(productID)
);
GO

CREATE TABLE Review (
    ReviewID INT PRIMARY KEY,
    rating FLOAT NOT NULL CHECK (rating >= 0 AND rating <= 5),
    comment NVARCHAR(MAX),
    review_date DATETIME NOT NULL,
    Product_id INT,
    User_id INT,
    Order_id INT,
    CONSTRAINT UQ_User_Product UNIQUE (User_id, Product_id),
    FOREIGN KEY (Product_id) REFERENCES Product(productID),
    FOREIGN KEY (User_id) REFERENCES [User](UserID),
    FOREIGN KEY (Order_id) REFERENCES [Order](orderID)
);
GO

CREATE TABLE [Return] (
    returnID INT PRIMARY KEY,
    refund_amount DECIMAL(10,2) NOT NULL,
    return_date DATETIME NOT NULL,
    reason NVARCHAR(MAX),
    returned_quantity INT NOT NULL,
    order_id INT,
    product_id INT,
    FOREIGN KEY (order_id, product_id) REFERENCES OrderDetails(order_id, product_id)
);
GO

-- CATEGORIES
INSERT INTO Category (categoryID, Name, Discription) VALUES
(1, N'Electronics', N'Smartphones, laptops, tablets, cameras, and electronic accessories'),
(2, N'Clothing & Fashion', N'Apparel, shoes, and fashion accessories for all ages'),
(3, N'Home & Kitchen', N'Furniture, appliances, cookware, and home decor'),
(4, N'Books & Media', N'Physical books, e-books, and educational materials'),
(5, N'Sports & Fitness', N'Exercise equipment, sports gear, and outdoor recreation'),
(6, N'Beauty & Personal Care', N'Skincare, makeup, hair care, and grooming products'),
(7, N'Toys & Baby', N'Toys, games, baby gear, and nursery essentials'),
(8, N'Automotive', N'Car accessories, maintenance products, and tools'),
(9, N'Jewelry & Watches', N'Fine jewelry, fashion accessories, and luxury watches'),
(10, N'Health & Wellness', N'Vitamins, supplements, and health monitoring devices');
GO

-- USERS (150)
INSERT INTO [User] (UserID, First_name, Last_name, Email, password_hash, phone, gender, join_date) VALUES
(1, N'Steven', N'Baker', N'steven.baker180@email.com', N'$2a$10$hash', N'+1-634-693-6148', N'male', '2023-11-03 00:00:00'),
(2, N'Amy', N'Rivera', N'amy.rivera78@email.com', N'$2a$10$hash', N'+1-887-914-6926', N'female', '2024-10-21 00:00:00'),
(3, N'Gary', N'Edwards', N'gary.edwards497@email.com', N'$2a$10$hash', N'+1-764-838-5345', N'male', '2023-11-25 00:00:00'),
(4, N'Carol', N'Hall', N'carol.hall151@email.com', N'$2a$10$hash', N'+1-880-539-4073', N'female', '2023-07-18 00:00:00'),
(5, N'Ethan', N'Gonzalez', N'ethan.gonzalez13@email.com', N'$2a$10$hash', N'+1-743-760-9812', N'male', '2024-06-25 00:00:00'),
(6, N'Joyce', N'Cooper', N'joyce.cooper57@email.com', N'$2a$10$hash', N'+1-909-329-1920', N'female', '2023-05-09 00:00:00'),
(7, N'Jonathan', N'Hernandez', N'jonathan.hernandez295@email.com', N'$2a$10$hash', N'+1-815-411-8378', N'male', '2024-11-25 00:00:00'),
(8, N'Samantha', N'Green', N'samantha.green74@email.com', N'$2a$10$hash', N'+1-537-990-9868', N'female', '2023-11-20 00:00:00'),
(9, N'Justin', N'Sanchez', N'justin.sanchez586@email.com', N'$2a$10$hash', N'+1-727-670-8655', N'male', '2023-04-10 00:00:00'),
(10, N'Shirley', N'Smith', N'shirley.smith248@email.com', N'$2a$10$hash', N'+1-981-777-6381', N'female', '2024-10-17 00:00:00'),
(11, N'Kevin', N'Scott', N'kevin.scott778@email.com', N'$2a$10$hash', N'+1-333-281-8034', N'male', '2023-03-11 00:00:00'),
(12, N'Shirley', N'Hughes', N'shirley.hughes720@email.com', N'$2a$10$hash', N'+1-223-465-2164', N'female', '2023-06-15 00:00:00'),
(13, N'Dennis', N'Turner', N'dennis.turner458@email.com', N'$2a$10$hash', N'+1-997-205-7763', N'male', '2023-04-15 00:00:00'),
(14, N'Mary', N'Miller', N'mary.miller667@email.com', N'$2a$10$hash', N'+1-295-290-5438', N'female', '2024-08-18 00:00:00'),
(15, N'Noah', N'Myers', N'noah.myers903@email.com', N'$2a$10$hash', N'+1-875-470-8967', N'male', '2024-05-12 00:00:00'),
(16, N'Karen', N'Long', N'karen.long115@email.com', N'$2a$10$hash', N'+1-938-607-9726', N'female', '2024-07-18 00:00:00'),
(17, N'Jacob', N'Miller', N'jacob.miller251@email.com', N'$2a$10$hash', N'+1-353-294-3403', N'male', '2023-06-16 00:00:00'),
(18, N'Barbara', N'Anderson', N'barbara.anderson409@email.com', N'$2a$10$hash', N'+1-445-589-6326', N'female', '2023-10-10 00:00:00'),
(19, N'Douglas', N'Nguyen', N'douglas.nguyen406@email.com', N'$2a$10$hash', N'+1-808-384-5451', N'male', '2023-09-03 00:00:00'),
(20, N'Cynthia', N'Bennett', N'cynthia.bennett977@email.com', N'$2a$10$hash', N'+1-388-270-6470', N'female', '2024-04-01 00:00:00'),
(21, N'Nathan', N'Murphy', N'nathan.murphy899@email.com', N'$2a$10$hash', N'+1-892-676-6803', N'male', '2023-02-06 00:00:00'),
(22, N'Emma', N'King', N'emma.king527@email.com', N'$2a$10$hash', N'+1-224-345-8327', N'female', '2024-12-02 00:00:00'),
(23, N'Timothy', N'Lee', N'timothy.lee958@email.com', N'$2a$10$hash', N'+1-771-718-9735', N'male', '2024-02-20 00:00:00'),
(24, N'Carolyn', N'Garcia', N'carolyn.garcia43@email.com', N'$2a$10$hash', N'+1-439-443-2569', N'female', '2024-07-09 00:00:00'),
(25, N'Ryan', N'Wood', N'ryan.wood617@email.com', N'$2a$10$hash', N'+1-563-271-7400', N'male', '2024-04-03 00:00:00'),
(26, N'Christina', N'Hughes', N'christina.hughes82@email.com', N'$2a$10$hash', N'+1-824-909-8412', N'female', '2024-05-14 00:00:00'),
(27, N'Christopher', N'Young', N'christopher.young536@email.com', N'$2a$10$hash', N'+1-629-359-7067', N'male', '2024-07-16 00:00:00'),
(28, N'Cheryl', N'Robinson', N'cheryl.robinson743@email.com', N'$2a$10$hash', N'+1-814-760-2754', N'female', '2023-12-15 00:00:00'),
(29, N'Bruce', N'Baker', N'bruce.baker824@email.com', N'$2a$10$hash', N'+1-366-474-1980', N'male', '2024-12-01 00:00:00'),
(30, N'Amy', N'Martinez', N'amy.martinez558@email.com', N'$2a$10$hash', N'+1-297-431-9494', N'female', '2024-02-26 00:00:00'),
(31, N'Arthur', N'Turner', N'arthur.turner369@email.com', N'$2a$10$hash', N'+1-764-337-4616', N'male', '2023-03-15 00:00:00'),
(32, N'Katherine', N'Murphy', N'katherine.murphy36@email.com', N'$2a$10$hash', N'+1-674-958-6527', N'female', '2023-06-29 00:00:00'),
(33, N'Henry', N'Harris', N'henry.harris645@email.com', N'$2a$10$hash', N'+1-643-857-1479', N'male', '2024-08-01 00:00:00'),
(34, N'Madison', N'Bell', N'madison.bell846@email.com', N'$2a$10$hash', N'+1-235-336-1255', N'female', '2024-04-01 00:00:00'),
(35, N'Ronald', N'Williams', N'ronald.williams559@email.com', N'$2a$10$hash', N'+1-882-595-9279', N'male', '2023-05-05 00:00:00'),
(36, N'Patricia', N'Johnson', N'patricia.johnson691@email.com', N'$2a$10$hash', N'+1-220-799-4130', N'female', '2023-07-14 00:00:00'),
(37, N'Alexander', N'Green', N'alexander.green496@email.com', N'$2a$10$hash', N'+1-776-829-8402', N'male', '2024-10-06 00:00:00'),
(38, N'Barbara', N'Ramirez', N'barbara.ramirez642@email.com', N'$2a$10$hash', N'+1-876-411-9259', N'female', '2024-04-18 00:00:00'),
(39, N'Kyle', N'Martinez', N'kyle.martinez826@email.com', N'$2a$10$hash', N'+1-214-521-8439', N'male', '2024-09-03 00:00:00'),
(40, N'Anna', N'Young', N'anna.young105@email.com', N'$2a$10$hash', N'+1-983-920-9609', N'female', '2024-12-26 00:00:00'),
(41, N'Alexander', N'Parker', N'alexander.parker514@email.com', N'$2a$10$hash', N'+1-464-657-8464', N'male', '2024-03-03 00:00:00'),
(42, N'Melissa', N'Hill', N'melissa.hill721@email.com', N'$2a$10$hash', N'+1-547-519-4654', N'female', '2024-04-03 00:00:00'),
(43, N'Dylan', N'Thomas', N'dylan.thomas33@email.com', N'$2a$10$hash', N'+1-359-391-9210', N'male', '2023-06-20 00:00:00'),
(44, N'Ashley', N'Brown', N'ashley.brown166@email.com', N'$2a$10$hash', N'+1-255-932-5616', N'female', '2023-04-03 00:00:00'),
(45, N'Roger', N'Cook', N'roger.cook782@email.com', N'$2a$10$hash', N'+1-935-274-3741', N'male', '2023-12-11 00:00:00'),
(46, N'Sarah', N'Hall', N'sarah.hall903@email.com', N'$2a$10$hash', N'+1-593-416-4042', N'female', '2023-02-10 00:00:00'),
(47, N'Terry', N'Davis', N'terry.davis423@email.com', N'$2a$10$hash', N'+1-390-979-6647', N'male', '2024-07-17 00:00:00'),
(48, N'Martha', N'Lopez', N'martha.lopez117@email.com', N'$2a$10$hash', N'+1-419-724-4567', N'female', '2023-03-08 00:00:00'),
(49, N'Brian', N'Reyes', N'brian.reyes131@email.com', N'$2a$10$hash', N'+1-320-373-8490', N'male', '2023-06-18 00:00:00'),
(50, N'Janice', N'Collins', N'janice.collins661@email.com', N'$2a$10$hash', N'+1-385-269-4291', N'female', '2023-09-08 00:00:00'),
(51, N'Joshua', N'Howard', N'joshua.howard923@email.com', N'$2a$10$hash', N'+1-722-996-6425', N'male', '2024-05-21 00:00:00'),
(52, N'Rachel', N'Bailey', N'rachel.bailey114@email.com', N'$2a$10$hash', N'+1-685-739-6341', N'female', '2023-01-22 00:00:00'),
(53, N'Raymond', N'Campbell', N'raymond.campbell495@email.com', N'$2a$10$hash', N'+1-743-244-1641', N'male', '2023-01-25 00:00:00'),
(54, N'Angela', N'Bailey', N'angela.bailey879@email.com', N'$2a$10$hash', N'+1-686-234-7003', N'female', '2023-05-24 00:00:00'),
(55, N'Roger', N'Gomez', N'roger.gomez353@email.com', N'$2a$10$hash', N'+1-772-236-6346', N'male', '2024-01-12 00:00:00'),
(56, N'Linda', N'Bell', N'linda.bell367@email.com', N'$2a$10$hash', N'+1-667-322-5512', N'female', '2024-04-25 00:00:00'),
(57, N'Christian', N'Harris', N'christian.harris818@email.com', N'$2a$10$hash', N'+1-677-545-6689', N'male', '2024-08-24 00:00:00'),
(58, N'Christina', N'Bailey', N'christina.bailey934@email.com', N'$2a$10$hash', N'+1-655-754-9446', N'female', '2023-04-14 00:00:00'),
(59, N'Albert', N'Jones', N'albert.jones263@email.com', N'$2a$10$hash', N'+1-401-912-6319', N'male', '2023-08-21 00:00:00'),
(60, N'Cheryl', N'Reyes', N'cheryl.reyes79@email.com', N'$2a$10$hash', N'+1-802-562-7905', N'female', '2023-06-12 00:00:00'),
(61, N'Jordan', N'Johnson', N'jordan.johnson540@email.com', N'$2a$10$hash', N'+1-848-223-7965', N'male', '2023-06-14 00:00:00'),
(62, N'Evelyn', N'Myers', N'evelyn.myers132@email.com', N'$2a$10$hash', N'+1-374-428-4462', N'female', '2023-10-01 00:00:00'),
(63, N'Nathan', N'Allen', N'nathan.allen476@email.com', N'$2a$10$hash', N'+1-630-711-6976', N'male', '2023-06-01 00:00:00'),
(64, N'Samantha', N'Lee', N'samantha.lee159@email.com', N'$2a$10$hash', N'+1-597-876-7892', N'female', '2024-09-13 00:00:00'),
(65, N'Roger', N'Morris', N'roger.morris22@email.com', N'$2a$10$hash', N'+1-403-397-9658', N'male', '2023-09-17 00:00:00'),
(66, N'Deborah', N'Baker', N'deborah.baker66@email.com', N'$2a$10$hash', N'+1-975-912-1210', N'female', '2024-07-31 00:00:00'),
(67, N'Austin', N'Green', N'austin.green586@email.com', N'$2a$10$hash', N'+1-555-426-1592', N'male', '2024-05-02 00:00:00'),
(68, N'Virginia', N'Wood', N'virginia.wood84@email.com', N'$2a$10$hash', N'+1-373-949-5111', N'female', '2023-04-06 00:00:00'),
(69, N'Albert', N'Thompson', N'albert.thompson299@email.com', N'$2a$10$hash', N'+1-502-577-8166', N'male', '2023-01-18 00:00:00'),
(70, N'Emily', N'Wilson', N'emily.wilson964@email.com', N'$2a$10$hash', N'+1-962-905-1354', N'female', '2023-10-07 00:00:00'),
(71, N'George', N'King', N'george.king130@email.com', N'$2a$10$hash', N'+1-852-435-3324', N'male', '2023-04-16 00:00:00'),
(72, N'Mary', N'Kelly', N'mary.kelly121@email.com', N'$2a$10$hash', N'+1-646-621-7402', N'female', '2023-01-28 00:00:00'),
(73, N'Paul', N'Parker', N'paul.parker309@email.com', N'$2a$10$hash', N'+1-389-426-8697', N'male', '2024-03-15 00:00:00'),
(74, N'Laura', N'Green', N'laura.green800@email.com', N'$2a$10$hash', N'+1-956-586-1940', N'female', '2023-09-13 00:00:00'),
(75, N'Gerald', N'Thomas', N'gerald.thomas286@email.com', N'$2a$10$hash', N'+1-714-470-7130', N'male', '2023-07-02 00:00:00'),
(76, N'Judith', N'Hernandez', N'judith.hernandez541@email.com', N'$2a$10$hash', N'+1-783-680-5580', N'female', '2023-04-14 00:00:00'),
(77, N'Edward', N'Flores', N'edward.flores868@email.com', N'$2a$10$hash', N'+1-842-802-7148', N'male', '2024-01-31 00:00:00'),
(78, N'Carol', N'Hill', N'carol.hill390@email.com', N'$2a$10$hash', N'+1-764-639-7923', N'female', '2024-02-17 00:00:00'),
(79, N'Jacob', N'Hall', N'jacob.hall201@email.com', N'$2a$10$hash', N'+1-498-549-2257', N'male', '2023-10-07 00:00:00'),
(80, N'Mary', N'Baker', N'mary.baker959@email.com', N'$2a$10$hash', N'+1-589-910-9232', N'female', '2023-12-19 00:00:00'),
(81, N'George', N'Walker', N'george.walker232@email.com', N'$2a$10$hash', N'+1-614-525-3411', N'male', '2023-12-24 00:00:00'),
(82, N'Elizabeth', N'Rodriguez', N'elizabeth.rodriguez71@email.com', N'$2a$10$hash', N'+1-256-867-2306', N'female', '2023-01-29 00:00:00'),
(83, N'George', N'Nelson', N'george.nelson905@email.com', N'$2a$10$hash', N'+1-203-379-6293', N'male', '2023-06-20 00:00:00'),
(84, N'Sarah', N'Ramirez', N'sarah.ramirez505@email.com', N'$2a$10$hash', N'+1-644-909-1811', N'female', '2024-10-11 00:00:00'),
(85, N'Douglas', N'Evans', N'douglas.evans386@email.com', N'$2a$10$hash', N'+1-964-265-8054', N'male', '2023-07-17 00:00:00'),
(86, N'Carolyn', N'Cruz', N'carolyn.cruz297@email.com', N'$2a$10$hash', N'+1-985-283-4337', N'female', '2024-05-29 00:00:00'),
(87, N'Dylan', N'Reed', N'dylan.reed960@email.com', N'$2a$10$hash', N'+1-265-894-6843', N'male', '2024-02-01 00:00:00'),
(88, N'Katherine', N'Diaz', N'katherine.diaz731@email.com', N'$2a$10$hash', N'+1-559-236-5808', N'female', '2024-10-30 00:00:00'),
(89, N'Scott', N'Lee', N'scott.lee341@email.com', N'$2a$10$hash', N'+1-576-801-6226', N'male', '2024-06-15 00:00:00'),
(90, N'Judith', N'Robinson', N'judith.robinson731@email.com', N'$2a$10$hash', N'+1-987-636-6864', N'female', '2023-11-30 00:00:00'),
(91, N'Adam', N'Foster', N'adam.foster15@email.com', N'$2a$10$hash', N'+1-539-484-8775', N'male', '2023-03-05 00:00:00'),
(92, N'Ann', N'Ramirez', N'ann.ramirez196@email.com', N'$2a$10$hash', N'+1-872-931-7845', N'female', '2024-04-01 00:00:00'),
(93, N'Roger', N'Williams', N'roger.williams638@email.com', N'$2a$10$hash', N'+1-568-309-4065', N'male', '2023-12-09 00:00:00'),
(94, N'Judith', N'Cruz', N'judith.cruz26@email.com', N'$2a$10$hash', N'+1-870-250-9792', N'female', '2023-09-29 00:00:00'),
(95, N'Larry', N'Johnson', N'larry.johnson542@email.com', N'$2a$10$hash', N'+1-445-885-8095', N'male', '2023-06-10 00:00:00'),
(96, N'Catherine', N'Scott', N'catherine.scott510@email.com', N'$2a$10$hash', N'+1-836-802-6953', N'female', '2024-11-23 00:00:00'),
(97, N'Robert', N'Nguyen', N'robert.nguyen742@email.com', N'$2a$10$hash', N'+1-411-387-4479', N'male', '2024-02-29 00:00:00'),
(98, N'Margaret', N'Lewis', N'margaret.lewis583@email.com', N'$2a$10$hash', N'+1-281-394-7857', N'female', '2024-07-16 00:00:00'),
(99, N'Raymond', N'Mitchell', N'raymond.mitchell192@email.com', N'$2a$10$hash', N'+1-619-474-9083', N'male', '2024-08-12 00:00:00'),
(100, N'Catherine', N'Hall', N'catherine.hall788@email.com', N'$2a$10$hash', N'+1-260-538-6827', N'female', '2024-04-04 00:00:00'),
(101, N'Aaron', N'Long', N'aaron.long194@email.com', N'$2a$10$hash', N'+1-912-547-4399', N'male', '2024-12-18 00:00:00'),
(102, N'Joan', N'Rogers', N'joan.rogers848@email.com', N'$2a$10$hash', N'+1-828-407-8161', N'female', '2023-02-04 00:00:00'),
(103, N'Walter', N'Cruz', N'walter.cruz590@email.com', N'$2a$10$hash', N'+1-423-865-4654', N'male', '2024-12-13 00:00:00'),
(104, N'Samantha', N'Cruz', N'samantha.cruz447@email.com', N'$2a$10$hash', N'+1-871-820-5347', N'female', '2023-08-08 00:00:00'),
(105, N'Kyle', N'Brooks', N'kyle.brooks828@email.com', N'$2a$10$hash', N'+1-219-812-3333', N'male', '2024-12-04 00:00:00'),
(106, N'Betty', N'Hernandez', N'betty.hernandez352@email.com', N'$2a$10$hash', N'+1-393-359-9885', N'female', '2023-11-11 00:00:00'),
(107, N'Dennis', N'Anderson', N'dennis.anderson536@email.com', N'$2a$10$hash', N'+1-993-693-5650', N'male', '2024-06-08 00:00:00'),
(108, N'Dorothy', N'Hill', N'dorothy.hill83@email.com', N'$2a$10$hash', N'+1-567-664-7975', N'female', '2024-01-02 00:00:00'),
(109, N'Adam', N'Lee', N'adam.lee721@email.com', N'$2a$10$hash', N'+1-403-944-4200', N'male', '2024-02-25 00:00:00'),
(110, N'Teresa', N'Nguyen', N'teresa.nguyen723@email.com', N'$2a$10$hash', N'+1-381-459-1108', N'female', '2023-07-28 00:00:00'),
(111, N'Zachary', N'Anderson', N'zachary.anderson49@email.com', N'$2a$10$hash', N'+1-760-729-9923', N'male', '2023-08-17 00:00:00'),
(112, N'Lauren', N'Bell', N'lauren.bell566@email.com', N'$2a$10$hash', N'+1-729-480-3136', N'female', '2024-11-09 00:00:00'),
(113, N'Samuel', N'Gomez', N'samuel.gomez914@email.com', N'$2a$10$hash', N'+1-713-833-6841', N'male', '2024-11-19 00:00:00'),
(114, N'Evelyn', N'Brooks', N'evelyn.brooks618@email.com', N'$2a$10$hash', N'+1-234-228-7373', N'female', '2024-04-19 00:00:00'),
(115, N'Noah', N'Davis', N'noah.davis962@email.com', N'$2a$10$hash', N'+1-765-413-8353', N'male', '2024-12-14 00:00:00'),
(116, N'Teresa', N'Harris', N'teresa.harris143@email.com', N'$2a$10$hash', N'+1-499-863-4058', N'female', '2023-04-20 00:00:00'),
(117, N'Tyler', N'Richardson', N'tyler.richardson241@email.com', N'$2a$10$hash', N'+1-910-224-4831', N'male', '2023-02-12 00:00:00'),
(118, N'Megan', N'Cox', N'megan.cox37@email.com', N'$2a$10$hash', N'+1-900-883-7667', N'female', '2024-12-21 00:00:00'),
(119, N'Steven', N'Walker', N'steven.walker789@email.com', N'$2a$10$hash', N'+1-377-816-5075', N'male', '2024-06-11 00:00:00'),
(120, N'Hannah', N'Garcia', N'hannah.garcia546@email.com', N'$2a$10$hash', N'+1-419-367-8811', N'female', '2024-08-14 00:00:00'),
(121, N'George', N'Stewart', N'george.stewart65@email.com', N'$2a$10$hash', N'+1-552-334-3971', N'male', '2023-03-19 00:00:00'),
(122, N'Susan', N'Martin', N'susan.martin780@email.com', N'$2a$10$hash', N'+1-397-746-1160', N'female', '2024-04-12 00:00:00'),
(123, N'William', N'Mitchell', N'william.mitchell986@email.com', N'$2a$10$hash', N'+1-644-388-4753', N'male', '2023-10-17 00:00:00'),
(124, N'Ann', N'Flores', N'ann.flores857@email.com', N'$2a$10$hash', N'+1-209-674-7895', N'female', '2024-10-03 00:00:00'),
(125, N'Noah', N'Taylor', N'noah.taylor940@email.com', N'$2a$10$hash', N'+1-661-575-3941', N'male', '2024-03-13 00:00:00'),
(126, N'Sandra', N'Murphy', N'sandra.murphy984@email.com', N'$2a$10$hash', N'+1-939-773-1879', N'female', '2023-10-06 00:00:00'),
(127, N'Jonathan', N'Baker', N'jonathan.baker94@email.com', N'$2a$10$hash', N'+1-549-881-5142', N'male', '2023-09-02 00:00:00'),
(128, N'Megan', N'Nelson', N'megan.nelson317@email.com', N'$2a$10$hash', N'+1-373-270-6951', N'female', '2023-05-03 00:00:00'),
(129, N'Alexander', N'Bell', N'alexander.bell769@email.com', N'$2a$10$hash', N'+1-914-846-8444', N'male', '2024-01-02 00:00:00'),
(130, N'Anna', N'Cook', N'anna.cook355@email.com', N'$2a$10$hash', N'+1-463-590-4425', N'female', '2024-05-06 00:00:00'),
(131, N'Stephen', N'Hill', N'stephen.hill138@email.com', N'$2a$10$hash', N'+1-921-958-9504', N'male', '2023-06-02 00:00:00'),
(132, N'Emma', N'Rogers', N'emma.rogers178@email.com', N'$2a$10$hash', N'+1-746-976-6939', N'female', '2023-06-19 00:00:00'),
(133, N'Arthur', N'Cooper', N'arthur.cooper470@email.com', N'$2a$10$hash', N'+1-697-228-8552', N'male', '2024-09-16 00:00:00'),
(134, N'Sharon', N'Ward', N'sharon.ward393@email.com', N'$2a$10$hash', N'+1-377-355-6171', N'female', '2024-12-29 00:00:00'),
(135, N'Sean', N'Wood', N'sean.wood745@email.com', N'$2a$10$hash', N'+1-952-422-1954', N'male', '2024-10-19 00:00:00'),
(136, N'Linda', N'Mitchell', N'linda.mitchell633@email.com', N'$2a$10$hash', N'+1-498-244-7888', N'female', '2024-10-31 00:00:00'),
(137, N'Joshua', N'Thomas', N'joshua.thomas953@email.com', N'$2a$10$hash', N'+1-914-281-8524', N'male', '2024-11-18 00:00:00'),
(138, N'Barbara', N'Myers', N'barbara.myers59@email.com', N'$2a$10$hash', N'+1-392-568-1095', N'female', '2024-10-27 00:00:00'),
(139, N'Justin', N'Davis', N'justin.davis686@email.com', N'$2a$10$hash', N'+1-850-443-5054', N'male', '2023-10-05 00:00:00'),
(140, N'Catherine', N'Roberts', N'catherine.roberts725@email.com', N'$2a$10$hash', N'+1-915-488-1592', N'female', '2023-05-19 00:00:00'),
(141, N'Benjamin', N'Mitchell', N'benjamin.mitchell922@email.com', N'$2a$10$hash', N'+1-871-712-1224', N'male', '2024-02-29 00:00:00'),
(142, N'Karen', N'Taylor', N'karen.taylor577@email.com', N'$2a$10$hash', N'+1-736-423-5779', N'female', '2024-11-03 00:00:00'),
(143, N'Benjamin', N'Reed', N'benjamin.reed220@email.com', N'$2a$10$hash', N'+1-743-270-9031', N'male', '2023-02-11 00:00:00'),
(144, N'Sharon', N'Turner', N'sharon.turner932@email.com', N'$2a$10$hash', N'+1-262-802-5564', N'female', '2024-09-28 00:00:00'),
(145, N'George', N'Thompson', N'george.thompson586@email.com', N'$2a$10$hash', N'+1-340-698-7768', N'male', '2024-03-06 00:00:00'),
(146, N'Virginia', N'Hernandez', N'virginia.hernandez625@email.com', N'$2a$10$hash', N'+1-858-745-3388', N'female', '2024-11-02 00:00:00'),
(147, N'Edward', N'Gomez', N'edward.gomez892@email.com', N'$2a$10$hash', N'+1-364-911-2963', N'male', '2023-12-14 00:00:00'),
(148, N'Emma', N'Foster', N'emma.foster483@email.com', N'$2a$10$hash', N'+1-321-492-5093', N'female', '2023-12-24 00:00:00'),
(149, N'Bryan', N'Walker', N'bryan.walker447@email.com', N'$2a$10$hash', N'+1-604-758-9203', N'male', '2024-09-01 00:00:00'),
(150, N'Cheryl', N'Johnson', N'cheryl.johnson734@email.com', N'$2a$10$hash', N'+1-975-936-7446', N'female', '2024-11-09 00:00:00');
GO

-- PRODUCTS (100 realistic products)
INSERT INTO Product (productID, Name, Discription, price, Brand, stock, discount_percentage, category_ID) VALUES
(1, N'iPhone 15 Pro Max 256GB', N'Apple flagship with A17 Pro chip, titanium design, advanced camera', 1199.99, N'Apple', 45, 0, 1),
(2, N'Samsung Galaxy S24 Ultra', N'Premium Android with AI, S Pen, 200MP camera', 1299.99, N'Samsung', 38, 5, 1),
(3, N'MacBook Air 15-inch M3', N'Thin laptop with M3 chip, 16GB RAM, all-day battery', 1499.99, N'Apple', 22, 0, 1),
(4, N'Dell XPS 15', N'Creator laptop with Intel i9, RTX 4070, 4K OLED', 2199.99, N'Dell', 15, 10, 1),
(5, N'Sony WH-1000XM5', N'Best noise cancelling headphones, 30-hour battery', 399.99, N'Sony', 67, 15, 1),
(6, N'AirPods Pro 2nd Gen', N'Wireless earbuds with ANC, spatial audio', 249.99, N'Apple', 120, 0, 1),
(7, N'iPad Pro 12.9-inch', N'Tablet with M2 chip, Liquid Retina XDR display', 1099.99, N'Apple', 33, 0, 1),
(8, N'LG 65-Inch OLED TV', N'4K OLED smart TV with AI, perfect blacks', 1799.99, N'LG', 18, 20, 1),
(9, N'PlayStation 5', N'Next-gen console with ultra-fast SSD', 499.99, N'Sony', 12, 0, 1),
(10, N'Canon EOS R6 Mark II', N'Mirrorless camera with 24MP sensor, 4K 60p', 2499.99, N'Canon', 8, 0, 1),
(11, N'Bose QuietComfort Ultra', N'Premium headphones with spatial audio', 429.99, N'Bose', 45, 10, 1),
(12, N'DJI Mini 3 Pro Drone', N'Compact drone with 4K HDR, 34min flight', 759.99, N'DJI', 24, 5, 1),
(13, N'Apple Watch Series 9', N'Smartwatch with S9 chip, health tracking', 429.99, N'Apple', 85, 0, 10),
(14, N'Kindle Paperwhite', N'E-reader with 6.8-inch display, waterproof', 189.99, N'Amazon', 150, 15, 4),
(15, N'Samsung 55-Inch QLED', N'Quantum dot 4K TV with 120Hz gaming', 899.99, N'Samsung', 32, 25, 1),
(16, N'Logitech MX Master 3S', N'Wireless mouse for professionals, quiet clicks', 99.99, N'Logitech', 180, 10, 1),
(17, N'Samsung T7 SSD 2TB', N'Portable SSD with 1050MB/s speed', 179.99, N'Samsung', 145, 15, 1),
(18, N'Roku Streaming Stick 4K', N'4K HDR streaming device, voice remote', 49.99, N'Roku', 320, 20, 1),
(19, N'Ring Video Doorbell Pro', N'1536p HD doorbell with 3D motion detection', 249.99, N'Ring', 95, 10, 1),
(20, N'Fitbit Charge 6', N'Fitness tracker with GPS, Google apps', 149.99, N'Fitbit', 175, 5, 10),
(21, N'Levi''s 501 Jeans', N'Classic straight fit jeans, button fly', 69.99, N'Levi''s', 200, 0, 2),
(22, N'Nike Air Max 270', N'Running shoes with Max Air cushioning', 150.0, N'Nike', 165, 15, 2),
(23, N'Patagonia Fleece Jacket', N'Warm fleece made from recycled polyester', 139.0, N'Patagonia', 85, 10, 2),
(24, N'The North Face Jacket', N'Insulated ThermoBall technology, packable', 199.0, N'The North Face', 92, 20, 2),
(25, N'Adidas Ultraboost 22', N'Premium running shoes with Boost cushioning', 190.0, N'Adidas', 145, 10, 2),
(26, N'Ralph Lauren Polo Shirt', N'Classic polo in cotton piqué with pony logo', 89.5, N'Ralph Lauren', 220, 0, 2),
(27, N'Michael Kors Tote Bag', N'Leather tote with signature logo', 298.0, N'Michael Kors', 78, 30, 2),
(28, N'Ray-Ban Aviators', N'Iconic aviator sunglasses with UV protection', 163.0, N'Ray-Ban', 195, 10, 2),
(29, N'Columbia Puffer Coat', N'Omni-Heat insulated winter coat', 149.99, N'Columbia', 102, 15, 2),
(30, N'Under Armour Tech Tee', N'Moisture-wicking performance shirt', 25.0, N'Under Armour', 385, 0, 2),
(31, N'Lululemon Align Leggings', N'Buttery-soft yoga leggings, high waist', 98.0, N'Lululemon', 168, 0, 2),
(32, N'Timberland 6-Inch Boots', N'Waterproof leather boots, iconic yellow', 198.0, N'Timberland', 124, 20, 2),
(33, N'Vans Old Skool Sneakers', N'Classic skate shoes with side stripe', 65.0, N'Vans', 245, 0, 2),
(34, N'Carhartt Beanie', N'Knit watch hat with Carhartt label', 19.99, N'Carhartt', 420, 0, 2),
(35, N'Champion Sweatshirt', N'Reverse Weave crewneck with C logo', 55.0, N'Champion', 198, 10, 2),
(36, N'KitchenAid Stand Mixer', N'5-quart mixer with 10 speeds, tilt-head', 449.99, N'KitchenAid', 42, 15, 3),
(37, N'Dyson V15 Vacuum', N'Cordless vacuum with laser dust detection', 749.99, N'Dyson', 35, 10, 3),
(38, N'Instant Pot 8-Quart', N'7-in-1 pressure cooker and slow cooker', 119.99, N'Instant Pot', 168, 20, 3),
(39, N'Nespresso Coffee Maker', N'Smart coffee machine with 5 cup sizes', 179.99, N'Nespresso', 78, 0, 3),
(40, N'Ninja Air Fryer 8-Quart', N'Multi-cooker with pressure and air crisp', 229.99, N'Ninja', 95, 25, 3),
(41, N'Casper Mattress Queen', N'Memory foam mattress with zoned support', 1095.0, N'Casper', 28, 20, 3),
(42, N'Tempur-Pedic Pillows', N'Memory foam pillow set of 2', 149.0, N'Tempur-Pedic', 142, 0, 3),
(43, N'Cuisinart Cookware Set', N'12-piece stainless steel pots and pans', 299.99, N'Cuisinart', 58, 20, 3),
(44, N'Vitamix Blender E310', N'Professional blender with 2.0 HP motor', 349.95, N'Vitamix', 72, 10, 3),
(45, N'iRobot Roomba j7+', N'Robot vacuum with auto dirt disposal', 799.99, N'iRobot', 48, 15, 3),
(46, N'Lodge Cast Iron Skillet', N'12-inch pre-seasoned skillet', 34.9, N'Lodge', 285, 0, 3),
(47, N'Keurig K-Elite', N'Single-serve coffee maker with iced option', 169.99, N'Keurig', 122, 15, 3),
(48, N'Breville Espresso Machine', N'Semi-automatic with built-in grinder', 699.95, N'Breville', 32, 0, 3),
(49, N'All-Clad Fry Pan', N'12-inch tri-ply stainless steel pan', 119.95, N'All-Clad', 94, 20, 3),
(50, N'Brooklinen Sheet Set', N'Luxury percale sheets, 480-thread count', 149.0, N'Brooklinen', 118, 15, 3),
(51, N'Yankee Candle Set', N'3 large jar candles, 110-hour burn time', 79.99, N'Yankee Candle', 245, 0, 3),
(52, N'SimpleHuman Trash Can', N'Touchless sensor can, 45-liter', 179.99, N'SimpleHuman', 76, 20, 3),
(53, N'Le Creuset Dutch Oven', N'5.5-quart enameled cast iron pot', 379.95, N'Le Creuset', 52, 0, 3),
(54, N'Philips Sonicare Toothbrush', N'Electric toothbrush with 5 modes, UV case', 179.99, N'Philips', 142, 15, 3),
(55, N'OXO Pop Container Set', N'10-piece airtight storage containers', 79.99, N'OXO', 165, 15, 3),
(56, N'Atomic Habits', N'Life-changing book by James Clear', 16.99, N'Penguin', 485, 10, 4),
(57, N'The Midnight Library', N'Bestseller by Matt Haig', 15.99, N'Viking Press', 352, 0, 4),
(58, N'Project Hail Mary', N'Sci-fi adventure by Andy Weir', 18.99, N'Ballantine', 428, 15, 4),
(59, N'Educated Memoir', N'Tara Westover''s powerful story', 17.0, N'Random House', 395, 10, 4),
(60, N'Psychology of Money', N'Financial wisdom by Morgan Housel', 19.99, N'Harriman House', 318, 0, 4),
(61, N'Where Crawdads Sing', N'Mystery novel by Delia Owens', 16.99, N'Putnam', 462, 20, 4),
(62, N'Sapiens', N'Human history by Yuval Harari', 21.99, N'Harper', 385, 10, 4),
(63, N'Dune', N'Classic sci-fi by Frank Herbert', 19.99, N'Ace Books', 442, 0, 4),
(64, N'The Four Winds', N'Historical fiction by Kristin Hannah', 18.99, N'St. Martin''s', 336, 15, 4),
(65, N'Becoming', N'Memoir by Michelle Obama', 19.99, N'Crown', 298, 10, 4),
(66, N'Manduka PRO Yoga Mat', N'Professional yoga mat, lifetime guarantee', 120.0, N'Manduka', 145, 0, 5),
(67, N'TRX Suspension Training', N'Complete bodyweight training system', 169.95, N'TRX', 98, 15, 5),
(68, N'Bowflex Dumbbells', N'Adjustable 5-52.5 lbs dumbbells', 349.0, N'Bowflex', 62, 10, 5),
(69, N'Coleman 4-Person Tent', N'Easy setup camping tent', 89.99, N'Coleman', 125, 20, 5),
(70, N'Osprey Hiking Backpack', N'65L backpack with AG suspension', 270.0, N'Osprey', 74, 0, 5),
(71, N'Wilson Basketball', N'Official size with microfiber leather', 64.99, N'Wilson', 185, 0, 5),
(72, N'Callaway Driver', N'Rogue ST MAX golf driver', 529.99, N'Callaway', 42, 0, 5),
(73, N'Yeti Cooler 45', N'Rotomolded cooler, bear-resistant', 325.0, N'Yeti', 48, 10, 5),
(74, N'Theraband Resistance Set', N'5 latex-free resistance bands', 24.99, N'Theraband', 385, 0, 5),
(75, N'Nike Training Mat', N'4mm exercise mat with textured surface', 40.0, N'Nike', 245, 10, 5),
(76, N'Hydro Flask 32oz', N'Insulated water bottle, 24hr cold', 44.95, N'Hydro Flask', 425, 0, 5),
(77, N'CAP Barbell Weight Set', N'300 lb Olympic weight set', 399.99, N'CAP Barbell', 32, 25, 5),
(78, N'Everlast Boxing Gloves', N'14oz pro training gloves', 44.99, N'Everlast', 165, 15, 5),
(79, N'Trek Mountain Bike', N'Marlin 7 hardtail with 21-speed', 929.99, N'Trek', 18, 15, 5),
(80, N'Garmin GPS Watch', N'Forerunner 245 with training metrics', 299.99, N'Garmin', 112, 15, 10),
(81, N'CeraVe Moisturizer SPF30', N'Daily face lotion with ceramides', 15.49, N'CeraVe', 485, 0, 6),
(82, N'Revlon Hair Dryer Brush', N'One-step volumizer with ionic tech', 59.99, N'Revlon', 225, 20, 6),
(83, N'Oral-B Electric Toothbrush', N'Pro 1000 with 3D cleaning', 49.99, N'Oral-B', 295, 10, 6),
(84, N'Neutrogena Hydro Boost', N'Water gel moisturizer with HA', 18.97, N'Neutrogena', 368, 0, 6),
(85, N'Chanel No. 5 Perfume', N'Iconic fragrance, 3.4 oz', 135.0, N'Chanel', 88, 0, 6),
(86, N'Morphe Eyeshadow Palette', N'35O Nature Glow with 35 shades', 25.0, N'Morphe', 185, 15, 6),
(87, N'OGX Biotin Shampoo', N'Volumizing sulfate-free formula', 7.99, N'OGX', 542, 0, 6),
(88, N'Sally Hansen Gel Polish', N'Miracle Gel, 14-day wear', 9.99, N'Sally Hansen', 625, 20, 6),
(89, N'Dyson Airwrap Styler', N'Multi-styler with Coanda technology', 599.99, N'Dyson', 28, 0, 6),
(90, N'Maybelline Sky High', N'Volumizing mascara with bamboo', 10.99, N'Maybelline', 725, 0, 6),
(91, N'LEGO Star Wars Set', N'Millennium Falcon, 1351 pieces', 169.99, N'LEGO', 78, 10, 7),
(92, N'Barbie Dreamhouse', N'3-story dollhouse with pool', 199.99, N'Mattel', 52, 15, 7),
(93, N'Fisher-Price Play Gym', N'Deluxe activity gym with music', 49.99, N'Fisher-Price', 185, 0, 7),
(94, N'Graco Pack ''n Play', N'Portable playard with bassinet', 129.99, N'Graco', 68, 20, 7),
(95, N'Chicco KeyFit Car Seat', N'Infant seat rated best for safety', 199.99, N'Chicco', 95, 10, 7),
(96, N'Pampers Swaddlers 180ct', N'Size 2 diapers with wetness indicator', 47.99, N'Pampers', 425, 15, 7),
(97, N'Nerf Elite Blaster', N'Commander with 25-dart drum', 24.99, N'Nerf', 365, 20, 7),
(98, N'Hot Wheels Garage Set', N'Ultimate playset with shark', 149.99, N'Hot Wheels', 88, 25, 7),
(99, N'Play-Doh 36-Pack', N'Non-toxic modeling clay', 19.99, N'Hasbro', 485, 0, 7),
(100, N'Ravensburger Puzzle', N'1000 pieces scenic landscape', 17.99, N'Ravensburger', 245, 10, 7);
GO

-- ADDRESSES (200)
INSERT INTO Address (Address_id, street, city, state, country, address_type, user_id) VALUES
(1, N'449 Main St', N'Charlotte', N'NC', N'USA', N'shipping', 1),
(2, N'1961 Lake Dr', N'San Jose', N'CA', N'USA', N'billing', 1),
(3, N'8510 Elm St', N'Detroit', N'MI', N'USA', N'shipping', 2),
(4, N'4842 Oak Ave', N'Austin', N'TX', N'USA', N'billing', 2),
(5, N'3288 Hill St', N'Los Angeles', N'CA', N'USA', N'shipping', 3),
(6, N'2971 Maple Dr', N'San Jose', N'CA', N'USA', N'shipping', 4),
(7, N'1022 Park Ave', N'Detroit', N'MI', N'USA', N'billing', 4),
(8, N'2304 Park Ave', N'San Jose', N'CA', N'USA', N'shipping', 5),
(9, N'1125 Cedar Ln', N'Boston', N'MA', N'USA', N'shipping', 6),
(10, N'1274 Elm St', N'Seattle', N'WA', N'USA', N'billing', 6),
(11, N'3620 Lake Dr', N'Dallas', N'TX', N'USA', N'shipping', 7),
(12, N'7511 Main St', N'Denver', N'CO', N'USA', N'billing', 7),
(13, N'6135 Oak Ave', N'Las Vegas', N'NV', N'USA', N'shipping', 8),
(14, N'8993 Pine Rd', N'Philadelphia', N'PA', N'USA', N'billing', 8),
(15, N'9112 Main St', N'San Diego', N'CA', N'USA', N'shipping', 9),
(16, N'2283 Oak Ave', N'Austin', N'TX', N'USA', N'billing', 9),
(17, N'8410 Hill St', N'San Jose', N'CA', N'USA', N'shipping', 10),
(18, N'9790 River Rd', N'Phoenix', N'AZ', N'USA', N'shipping', 11),
(19, N'2506 Cedar Ln', N'Phoenix', N'AZ', N'USA', N'shipping', 12),
(20, N'497 Maple Dr', N'Dallas', N'TX', N'USA', N'billing', 12),
(21, N'1682 Pine Rd', N'Portland', N'OR', N'USA', N'shipping', 13),
(22, N'789 Lake Dr', N'Philadelphia', N'PA', N'USA', N'shipping', 14),
(23, N'4135 Maple Dr', N'Seattle', N'WA', N'USA', N'billing', 14),
(24, N'6939 Maple Dr', N'San Jose', N'CA', N'USA', N'shipping', 15),
(25, N'5331 Cedar Ln', N'Los Angeles', N'CA', N'USA', N'shipping', 16),
(26, N'8812 River Rd', N'Seattle', N'WA', N'USA', N'shipping', 17),
(27, N'4066 Main St', N'Dallas', N'TX', N'USA', N'shipping', 18),
(28, N'7624 Cedar Ln', N'Nashville', N'TN', N'USA', N'shipping', 19),
(29, N'480 Park Ave', N'Austin', N'TX', N'USA', N'shipping', 20),
(30, N'1287 Oak Ave', N'San Jose', N'CA', N'USA', N'shipping', 21),
(31, N'6819 Cedar Ln', N'Chicago', N'IL', N'USA', N'billing', 21),
(32, N'6738 Cedar Ln', N'Phoenix', N'AZ', N'USA', N'shipping', 22),
(33, N'9567 Hill St', N'San Jose', N'CA', N'USA', N'shipping', 23),
(34, N'5449 River Rd', N'Phoenix', N'AZ', N'USA', N'shipping', 24),
(35, N'2267 Cedar Ln', N'Phoenix', N'AZ', N'USA', N'shipping', 25),
(36, N'4522 Cedar Ln', N'Philadelphia', N'PA', N'USA', N'billing', 25),
(37, N'5236 River Rd', N'New York', N'NY', N'USA', N'shipping', 26),
(38, N'9560 Main St', N'Detroit', N'MI', N'USA', N'shipping', 27),
(39, N'2954 Cedar Ln', N'Houston', N'TX', N'USA', N'shipping', 28),
(40, N'5576 Hill St', N'Atlanta', N'GA', N'USA', N'billing', 28),
(41, N'9561 Maple Dr', N'Nashville', N'TN', N'USA', N'shipping', 29),
(42, N'7498 Oak Ave', N'Houston', N'TX', N'USA', N'billing', 29),
(43, N'8781 Elm St', N'Las Vegas', N'NV', N'USA', N'shipping', 30),
(44, N'8829 Hill St', N'Charlotte', N'NC', N'USA', N'shipping', 31),
(45, N'4983 Hill St', N'Atlanta', N'GA', N'USA', N'shipping', 32),
(46, N'1209 Hill St', N'Nashville', N'TN', N'USA', N'shipping', 33),
(47, N'7612 Cedar Ln', N'Miami', N'FL', N'USA', N'shipping', 34),
(48, N'7478 Park Ave', N'Nashville', N'TN', N'USA', N'billing', 34),
(49, N'9223 River Rd', N'Philadelphia', N'PA', N'USA', N'shipping', 35),
(50, N'8169 Hill St', N'Houston', N'TX', N'USA', N'billing', 35),
(51, N'6376 Park Ave', N'Detroit', N'MI', N'USA', N'shipping', 36),
(52, N'6851 Oak Ave', N'Nashville', N'TN', N'USA', N'shipping', 37),
(53, N'7162 Maple Dr', N'Charlotte', N'NC', N'USA', N'shipping', 38),
(54, N'6441 Oak Ave', N'Charlotte', N'NC', N'USA', N'shipping', 39),
(55, N'3140 River Rd', N'Houston', N'TX', N'USA', N'billing', 39),
(56, N'8299 Maple Dr', N'Boston', N'MA', N'USA', N'shipping', 40),
(57, N'5863 Pine Rd', N'Philadelphia', N'PA', N'USA', N'shipping', 41),
(58, N'8144 Oak Ave', N'San Diego', N'CA', N'USA', N'shipping', 42),
(59, N'2143 Lake Dr', N'Miami', N'FL', N'USA', N'shipping', 43),
(60, N'8534 Elm St', N'New York', N'NY', N'USA', N'shipping', 44),
(61, N'6482 Main St', N'Los Angeles', N'CA', N'USA', N'shipping', 45),
(62, N'6473 Pine Rd', N'Portland', N'OR', N'USA', N'billing', 45),
(63, N'9873 Cedar Ln', N'Las Vegas', N'NV', N'USA', N'shipping', 46),
(64, N'7731 Maple Dr', N'New York', N'NY', N'USA', N'shipping', 47),
(65, N'8279 Main St', N'Los Angeles', N'CA', N'USA', N'shipping', 48),
(66, N'4951 River Rd', N'Denver', N'CO', N'USA', N'billing', 48),
(67, N'1496 Hill St', N'New York', N'NY', N'USA', N'shipping', 49),
(68, N'6530 Maple Dr', N'Phoenix', N'AZ', N'USA', N'shipping', 50),
(69, N'1698 Cedar Ln', N'Seattle', N'WA', N'USA', N'billing', 50),
(70, N'6092 Main St', N'Atlanta', N'GA', N'USA', N'shipping', 51),
(71, N'8574 Main St', N'Detroit', N'MI', N'USA', N'shipping', 52),
(72, N'8191 Main St', N'San Diego', N'CA', N'USA', N'shipping', 53),
(73, N'1855 Hill St', N'Atlanta', N'GA', N'USA', N'billing', 53),
(74, N'5139 River Rd', N'Las Vegas', N'NV', N'USA', N'shipping', 54),
(75, N'975 Lake Dr', N'Atlanta', N'GA', N'USA', N'shipping', 55),
(76, N'9646 Oak Ave', N'Chicago', N'IL', N'USA', N'billing', 55),
(77, N'3753 Oak Ave', N'Boston', N'MA', N'USA', N'shipping', 56),
(78, N'2699 Maple Dr', N'New York', N'NY', N'USA', N'shipping', 57),
(79, N'8365 Lake Dr', N'Austin', N'TX', N'USA', N'shipping', 58),
(80, N'5129 Maple Dr', N'New York', N'NY', N'USA', N'billing', 58),
(81, N'389 Lake Dr', N'Chicago', N'IL', N'USA', N'shipping', 59),
(82, N'6477 Lake Dr', N'Austin', N'TX', N'USA', N'shipping', 60),
(83, N'391 Cedar Ln', N'Atlanta', N'GA', N'USA', N'billing', 60),
(84, N'1663 River Rd', N'Nashville', N'TN', N'USA', N'shipping', 61),
(85, N'5371 Hill St', N'New York', N'NY', N'USA', N'shipping', 62),
(86, N'8616 Cedar Ln', N'San Diego', N'CA', N'USA', N'billing', 62),
(87, N'3567 Pine Rd', N'Austin', N'TX', N'USA', N'shipping', 63),
(88, N'1097 Oak Ave', N'Phoenix', N'AZ', N'USA', N'shipping', 64),
(89, N'7562 Elm St', N'Austin', N'TX', N'USA', N'shipping', 65),
(90, N'1472 Pine Rd', N'New York', N'NY', N'USA', N'shipping', 66),
(91, N'7206 Elm St', N'Portland', N'OR', N'USA', N'billing', 66),
(92, N'3877 Elm St', N'Austin', N'TX', N'USA', N'shipping', 67),
(93, N'5788 Hill St', N'San Diego', N'CA', N'USA', N'billing', 67),
(94, N'7252 Park Ave', N'Charlotte', N'NC', N'USA', N'shipping', 68),
(95, N'7719 Elm St', N'Austin', N'TX', N'USA', N'shipping', 69),
(96, N'7255 Pine Rd', N'Las Vegas', N'NV', N'USA', N'billing', 69),
(97, N'4329 River Rd', N'Los Angeles', N'CA', N'USA', N'shipping', 70),
(98, N'4652 Maple Dr', N'Seattle', N'WA', N'USA', N'shipping', 71),
(99, N'634 Cedar Ln', N'San Diego', N'CA', N'USA', N'billing', 71),
(100, N'951 Pine Rd', N'Miami', N'FL', N'USA', N'shipping', 72),
(101, N'5758 Park Ave', N'Atlanta', N'GA', N'USA', N'shipping', 73),
(102, N'7949 Lake Dr', N'Portland', N'OR', N'USA', N'shipping', 74),
(103, N'5190 Maple Dr', N'Detroit', N'MI', N'USA', N'billing', 74),
(104, N'5793 Park Ave', N'Los Angeles', N'CA', N'USA', N'shipping', 75),
(105, N'3572 Lake Dr', N'Miami', N'FL', N'USA', N'shipping', 76),
(106, N'7814 River Rd', N'Nashville', N'TN', N'USA', N'billing', 76),
(107, N'7530 Oak Ave', N'Boston', N'MA', N'USA', N'shipping', 77),
(108, N'1258 Cedar Ln', N'Austin', N'TX', N'USA', N'shipping', 78),
(109, N'1761 Elm St', N'Los Angeles', N'CA', N'USA', N'shipping', 79),
(110, N'4115 River Rd', N'New York', N'NY', N'USA', N'shipping', 80),
(111, N'147 Park Ave', N'San Diego', N'CA', N'USA', N'billing', 80),
(112, N'3229 Oak Ave', N'Atlanta', N'GA', N'USA', N'shipping', 81),
(113, N'9417 River Rd', N'Dallas', N'TX', N'USA', N'shipping', 82),
(114, N'304 Park Ave', N'Detroit', N'MI', N'USA', N'shipping', 83),
(115, N'7769 Main St', N'Houston', N'TX', N'USA', N'billing', 83),
(116, N'2042 Park Ave', N'Las Vegas', N'NV', N'USA', N'shipping', 84),
(117, N'7004 Park Ave', N'Las Vegas', N'NV', N'USA', N'shipping', 85),
(118, N'1387 Oak Ave', N'Nashville', N'TN', N'USA', N'billing', 85),
(119, N'9320 Lake Dr', N'San Jose', N'CA', N'USA', N'shipping', 86),
(120, N'4902 Maple Dr', N'Seattle', N'WA', N'USA', N'billing', 86),
(121, N'9826 Hill St', N'Seattle', N'WA', N'USA', N'shipping', 87),
(122, N'9628 Maple Dr', N'Portland', N'OR', N'USA', N'shipping', 88),
(123, N'2262 Park Ave', N'Seattle', N'WA', N'USA', N'billing', 88),
(124, N'9399 Oak Ave', N'New York', N'NY', N'USA', N'shipping', 89),
(125, N'8540 Oak Ave', N'Phoenix', N'AZ', N'USA', N'shipping', 90),
(126, N'9262 Main St', N'San Jose', N'CA', N'USA', N'shipping', 91),
(127, N'7301 Cedar Ln', N'Los Angeles', N'CA', N'USA', N'shipping', 92),
(128, N'4314 Pine Rd', N'Dallas', N'TX', N'USA', N'shipping', 93),
(129, N'4516 Hill St', N'Las Vegas', N'NV', N'USA', N'billing', 93),
(130, N'4693 Lake Dr', N'Houston', N'TX', N'USA', N'shipping', 94),
(131, N'3220 Oak Ave', N'San Jose', N'CA', N'USA', N'shipping', 95),
(132, N'535 Oak Ave', N'Los Angeles', N'CA', N'USA', N'shipping', 96),
(133, N'6177 Pine Rd', N'Portland', N'OR', N'USA', N'shipping', 97),
(134, N'699 Oak Ave', N'Houston', N'TX', N'USA', N'billing', 97),
(135, N'6658 Elm St', N'Atlanta', N'GA', N'USA', N'shipping', 98),
(136, N'7355 Park Ave', N'Seattle', N'WA', N'USA', N'billing', 98),
(137, N'8860 Elm St', N'Houston', N'TX', N'USA', N'shipping', 99),
(138, N'9845 River Rd', N'Austin', N'TX', N'USA', N'shipping', 100),
(139, N'2531 Lake Dr', N'Austin', N'TX', N'USA', N'shipping', 101),
(140, N'1196 River Rd', N'Chicago', N'IL', N'USA', N'shipping', 102),
(141, N'4751 Hill St', N'Las Vegas', N'NV', N'USA', N'billing', 102),
(142, N'5857 Lake Dr', N'Las Vegas', N'NV', N'USA', N'shipping', 103),
(143, N'7370 Oak Ave', N'New York', N'NY', N'USA', N'shipping', 104),
(144, N'6184 Park Ave', N'Nashville', N'TN', N'USA', N'shipping', 105),
(145, N'1538 Elm St', N'San Jose', N'CA', N'USA', N'shipping', 106),
(146, N'9407 Park Ave', N'New York', N'NY', N'USA', N'shipping', 107),
(147, N'8916 Park Ave', N'Las Vegas', N'NV', N'USA', N'shipping', 108),
(148, N'1803 Oak Ave', N'Portland', N'OR', N'USA', N'billing', 108),
(149, N'3359 Pine Rd', N'Boston', N'MA', N'USA', N'shipping', 109),
(150, N'9700 Lake Dr', N'Seattle', N'WA', N'USA', N'shipping', 110),
(151, N'8594 Main St', N'Detroit', N'MI', N'USA', N'billing', 110),
(152, N'5280 River Rd', N'Denver', N'CO', N'USA', N'shipping', 111),
(153, N'6673 Elm St', N'Seattle', N'WA', N'USA', N'billing', 111),
(154, N'109 Hill St', N'Denver', N'CO', N'USA', N'shipping', 112),
(155, N'9789 Main St', N'Nashville', N'TN', N'USA', N'billing', 112),
(156, N'9997 Lake Dr', N'Phoenix', N'AZ', N'USA', N'shipping', 113),
(157, N'3274 Maple Dr', N'Atlanta', N'GA', N'USA', N'billing', 113),
(158, N'2572 Main St', N'Boston', N'MA', N'USA', N'shipping', 114),
(159, N'3531 Maple Dr', N'Dallas', N'TX', N'USA', N'billing', 114),
(160, N'7606 Pine Rd', N'Seattle', N'WA', N'USA', N'shipping', 115),
(161, N'6672 Oak Ave', N'Boston', N'MA', N'USA', N'shipping', 116),
(162, N'1233 Main St', N'Portland', N'OR', N'USA', N'shipping', 117),
(163, N'1196 Maple Dr', N'Seattle', N'WA', N'USA', N'shipping', 118),
(164, N'6225 Cedar Ln', N'Charlotte', N'NC', N'USA', N'shipping', 119),
(165, N'3945 River Rd', N'Austin', N'TX', N'USA', N'shipping', 120),
(166, N'1333 Cedar Ln', N'Nashville', N'TN', N'USA', N'billing', 120),
(167, N'8407 Pine Rd', N'Boston', N'MA', N'USA', N'shipping', 121),
(168, N'843 Main St', N'Chicago', N'IL', N'USA', N'billing', 121),
(169, N'9723 Cedar Ln', N'Phoenix', N'AZ', N'USA', N'shipping', 122),
(170, N'3666 Park Ave', N'San Diego', N'CA', N'USA', N'billing', 122),
(171, N'2294 Maple Dr', N'San Diego', N'CA', N'USA', N'shipping', 123),
(172, N'1444 Lake Dr', N'New York', N'NY', N'USA', N'shipping', 124),
(173, N'2905 Park Ave', N'Charlotte', N'NC', N'USA', N'shipping', 125),
(174, N'1813 Maple Dr', N'San Diego', N'CA', N'USA', N'billing', 125),
(175, N'3144 Hill St', N'Chicago', N'IL', N'USA', N'shipping', 126),
(176, N'7692 Maple Dr', N'Denver', N'CO', N'USA', N'billing', 126),
(177, N'8304 Maple Dr', N'New York', N'NY', N'USA', N'shipping', 127),
(178, N'805 Main St', N'Houston', N'TX', N'USA', N'shipping', 128),
(179, N'9178 Maple Dr', N'Boston', N'MA', N'USA', N'billing', 128),
(180, N'5083 Lake Dr', N'Detroit', N'MI', N'USA', N'shipping', 129),
(181, N'6897 River Rd', N'Seattle', N'WA', N'USA', N'shipping', 130),
(182, N'3007 Lake Dr', N'San Jose', N'CA', N'USA', N'shipping', 131),
(183, N'8341 Oak Ave', N'New York', N'NY', N'USA', N'shipping', 132),
(184, N'8100 Maple Dr', N'Nashville', N'TN', N'USA', N'shipping', 133),
(185, N'2940 Cedar Ln', N'Phoenix', N'AZ', N'USA', N'shipping', 134),
(186, N'6806 Elm St', N'Las Vegas', N'NV', N'USA', N'shipping', 135),
(187, N'5285 River Rd', N'Chicago', N'IL', N'USA', N'shipping', 136),
(188, N'3914 Oak Ave', N'San Jose', N'CA', N'USA', N'shipping', 137),
(189, N'4261 Elm St', N'Charlotte', N'NC', N'USA', N'shipping', 138),
(190, N'5583 Elm St', N'Las Vegas', N'NV', N'USA', N'shipping', 139),
(191, N'2131 Main St', N'Denver', N'CO', N'USA', N'shipping', 140),
(192, N'1045 Maple Dr', N'Atlanta', N'GA', N'USA', N'shipping', 141),
(193, N'6135 Oak Ave', N'Phoenix', N'AZ', N'USA', N'shipping', 142),
(194, N'5845 Lake Dr', N'San Diego', N'CA', N'USA', N'shipping', 143),
(195, N'5183 Lake Dr', N'Atlanta', N'GA', N'USA', N'shipping', 144),
(196, N'7242 Hill St', N'Austin', N'TX', N'USA', N'shipping', 145),
(197, N'4780 Maple Dr', N'Las Vegas', N'NV', N'USA', N'shipping', 146),
(198, N'7649 Pine Rd', N'San Jose', N'CA', N'USA', N'shipping', 147),
(199, N'1393 Pine Rd', N'Austin', N'TX', N'USA', N'shipping', 148),
(200, N'4062 Oak Ave', N'Seattle', N'WA', N'USA', N'shipping', 149);
GO

-- ORDERS (150)
INSERT INTO [Order] (orderID, Status, order_created_at, order_completed_at, shipping_cost, user_id, shipping_address_id) VALUES
(1, N'delivered', '2024-08-22 00:00:00', '2024-08-30 00:00:00', 11.16, 56, 56),
(2, N'processing', '2024-12-15 00:00:00', NULL, 0.0, 98, 98),
(3, N'delivered', '2024-03-11 00:00:00', '2024-03-17 00:00:00', 14.63, 91, 91),
(4, N'processing', '2024-04-18 00:00:00', NULL, 14.31, 75, 75),
(5, N'shipped', '2024-03-01 00:00:00', NULL, 16.74, 123, 123),
(6, N'delivered', '2024-07-22 00:00:00', '2024-07-30 00:00:00', 18.59, 61, 61),
(7, N'delivered', '2025-01-16 00:00:00', '2025-01-18 00:00:00', 8.28, 52, 52),
(8, N'processing', '2025-01-21 00:00:00', NULL, 18.61, 96, 96),
(9, N'delivered', '2024-08-31 00:00:00', '2024-09-04 00:00:00', 14.53, 80, 80),
(10, N'delivered', '2024-05-18 00:00:00', '2024-05-22 00:00:00', 7.93, 41, 41),
(11, N'delivered', '2024-08-20 00:00:00', '2024-08-25 00:00:00', 0.0, 56, 56),
(12, N'delivered', '2024-04-07 00:00:00', '2024-04-09 00:00:00', 18.94, 135, 135),
(13, N'delivered', '2024-05-14 00:00:00', '2024-05-16 00:00:00', 0.0, 10, 10),
(14, N'processing', '2024-05-23 00:00:00', NULL, 14.02, 85, 85),
(15, N'delivered', '2024-10-01 00:00:00', '2024-10-05 00:00:00', 12.45, 60, 60),
(16, N'processing', '2024-04-15 00:00:00', NULL, 0.0, 70, 70),
(17, N'delivered', '2024-07-30 00:00:00', '2024-08-04 00:00:00', 6.35, 110, 110),
(18, N'shipped', '2024-03-01 00:00:00', NULL, 0.0, 33, 33),
(19, N'delivered', '2024-11-14 00:00:00', '2024-11-16 00:00:00', 12.13, 67, 67),
(20, N'delivered', '2024-07-07 00:00:00', '2024-07-10 00:00:00', 6.57, 16, 16),
(21, N'delivered', '2024-05-24 00:00:00', '2024-05-31 00:00:00', 19.36, 23, 23),
(22, N'processing', '2024-03-04 00:00:00', NULL, 15.38, 40, 40),
(23, N'delivered', '2024-02-26 00:00:00', '2024-03-01 00:00:00', 10.19, 95, 95),
(24, N'processing', '2025-01-04 00:00:00', NULL, 14.58, 112, 112),
(25, N'delivered', '2024-08-05 00:00:00', '2024-08-10 00:00:00', 10.44, 123, 123),
(26, N'delivered', '2024-09-16 00:00:00', '2024-09-22 00:00:00', 18.52, 62, 62),
(27, N'delivered', '2024-04-14 00:00:00', '2024-04-22 00:00:00', 8.48, 134, 134),
(28, N'delivered', '2025-01-11 00:00:00', '2025-01-18 00:00:00', 0.0, 73, 73),
(29, N'shipped', '2024-06-14 00:00:00', NULL, 0.0, 71, 71),
(30, N'delivered', '2024-06-17 00:00:00', '2024-06-23 00:00:00', 13.71, 148, 148),
(31, N'processing', '2024-10-21 00:00:00', NULL, 13.16, 140, 140),
(32, N'delivered', '2024-04-24 00:00:00', '2024-04-30 00:00:00', 0.0, 98, 98),
(33, N'processing', '2024-08-07 00:00:00', NULL, 6.52, 75, 75),
(34, N'delivered', '2024-06-09 00:00:00', '2024-06-14 00:00:00', 0.0, 117, 117),
(35, N'delivered', '2024-02-19 00:00:00', '2024-02-21 00:00:00', 12.05, 26, 26),
(36, N'shipped', '2024-04-20 00:00:00', NULL, 16.98, 58, 58),
(37, N'delivered', '2024-10-15 00:00:00', '2024-10-18 00:00:00', 12.06, 92, 92),
(38, N'delivered', '2024-03-13 00:00:00', '2024-03-19 00:00:00', 18.7, 29, 29),
(39, N'delivered', '2024-09-27 00:00:00', '2024-10-01 00:00:00', 0.0, 36, 36),
(40, N'delivered', '2024-12-26 00:00:00', '2024-12-30 00:00:00', 5.14, 149, 149),
(41, N'processing', '2024-04-30 00:00:00', NULL, 15.74, 29, 29),
(42, N'delivered', '2024-08-08 00:00:00', '2024-08-16 00:00:00', 16.26, 8, 8),
(43, N'delivered', '2024-01-13 00:00:00', '2024-01-21 00:00:00', 17.48, 50, 50),
(44, N'processing', '2024-07-23 00:00:00', NULL, 19.95, 149, 149),
(45, N'shipped', '2024-09-17 00:00:00', NULL, 9.95, 58, 58),
(46, N'delivered', '2024-07-28 00:00:00', '2024-08-01 00:00:00', 10.42, 69, 69),
(47, N'delivered', '2024-04-13 00:00:00', '2024-04-19 00:00:00', 12.31, 84, 84),
(48, N'delivered', '2024-09-15 00:00:00', '2024-09-22 00:00:00', 12.86, 120, 120),
(49, N'processing', '2024-12-05 00:00:00', NULL, 14.93, 118, 118),
(50, N'delivered', '2024-02-26 00:00:00', '2024-03-02 00:00:00', 8.2, 26, 26),
(51, N'shipped', '2024-07-07 00:00:00', NULL, 0.0, 131, 131),
(52, N'delivered', '2024-09-17 00:00:00', '2024-09-20 00:00:00', 19.44, 109, 109),
(53, N'shipped', '2024-04-26 00:00:00', NULL, 0.0, 60, 60),
(54, N'delivered', '2024-01-17 00:00:00', '2024-01-25 00:00:00', 5.77, 72, 72),
(55, N'delivered', '2024-03-28 00:00:00', '2024-04-05 00:00:00', 7.68, 62, 62),
(56, N'delivered', '2024-12-23 00:00:00', '2024-12-26 00:00:00', 5.19, 61, 61),
(57, N'shipped', '2025-01-23 00:00:00', NULL, 8.38, 81, 81),
(58, N'delivered', '2024-12-03 00:00:00', '2024-12-09 00:00:00', 9.0, 57, 57),
(59, N'delivered', '2024-02-13 00:00:00', '2024-02-20 00:00:00', 0.0, 47, 47),
(60, N'delivered', '2024-04-18 00:00:00', '2024-04-21 00:00:00', 0.0, 76, 76),
(61, N'processing', '2024-02-17 00:00:00', NULL, 0.0, 83, 83),
(62, N'delivered', '2024-06-13 00:00:00', '2024-06-18 00:00:00', 9.92, 144, 144),
(63, N'processing', '2025-01-21 00:00:00', NULL, 7.87, 97, 97),
(64, N'shipped', '2024-09-01 00:00:00', NULL, 6.8, 125, 125),
(65, N'processing', '2024-07-19 00:00:00', NULL, 13.47, 115, 115),
(66, N'processing', '2024-06-27 00:00:00', NULL, 10.47, 62, 62),
(67, N'shipped', '2024-12-29 00:00:00', NULL, 13.18, 99, 99),
(68, N'delivered', '2024-08-17 00:00:00', '2024-08-23 00:00:00', 5.46, 76, 76),
(69, N'processing', '2024-06-19 00:00:00', NULL, 5.02, 91, 91),
(70, N'delivered', '2024-10-17 00:00:00', '2024-10-22 00:00:00', 17.62, 124, 124),
(71, N'delivered', '2024-07-12 00:00:00', '2024-07-18 00:00:00', 5.41, 120, 120),
(72, N'delivered', '2024-01-18 00:00:00', '2024-01-25 00:00:00', 15.24, 41, 41),
(73, N'delivered', '2025-01-17 00:00:00', '2025-01-23 00:00:00', 9.16, 143, 143),
(74, N'shipped', '2024-01-06 00:00:00', NULL, 15.7, 81, 81),
(75, N'delivered', '2024-05-06 00:00:00', '2024-05-14 00:00:00', 0.0, 107, 107),
(76, N'shipped', '2024-10-08 00:00:00', NULL, 13.89, 111, 111),
(77, N'shipped', '2025-01-01 00:00:00', NULL, 0.0, 117, 117),
(78, N'delivered', '2025-01-11 00:00:00', '2025-01-14 00:00:00', 19.22, 46, 46),
(79, N'delivered', '2024-09-16 00:00:00', '2024-09-23 00:00:00', 17.26, 18, 18),
(80, N'delivered', '2024-08-25 00:00:00', '2024-08-30 00:00:00', 12.67, 113, 113),
(81, N'shipped', '2024-07-12 00:00:00', NULL, 16.47, 95, 95),
(82, N'delivered', '2024-10-05 00:00:00', '2024-10-08 00:00:00', 13.14, 43, 43),
(83, N'delivered', '2024-02-17 00:00:00', '2024-02-24 00:00:00', 8.65, 88, 88),
(84, N'delivered', '2024-01-07 00:00:00', '2024-01-12 00:00:00', 9.26, 88, 88),
(85, N'shipped', '2024-01-23 00:00:00', NULL, 12.73, 64, 64),
(86, N'shipped', '2024-05-19 00:00:00', NULL, 12.55, 49, 49),
(87, N'delivered', '2024-03-24 00:00:00', '2024-04-01 00:00:00', 16.55, 70, 70),
(88, N'delivered', '2024-09-16 00:00:00', '2024-09-21 00:00:00', 0.0, 56, 56),
(89, N'delivered', '2024-04-22 00:00:00', '2024-04-25 00:00:00', 15.08, 134, 134),
(90, N'delivered', '2024-01-28 00:00:00', '2024-01-31 00:00:00', 13.66, 79, 79),
(91, N'processing', '2024-12-29 00:00:00', NULL, 17.76, 35, 35),
(92, N'processing', '2024-07-15 00:00:00', NULL, 18.91, 47, 47),
(93, N'processing', '2024-07-16 00:00:00', NULL, 0.0, 54, 54),
(94, N'processing', '2024-08-11 00:00:00', NULL, 11.75, 66, 66),
(95, N'processing', '2024-08-11 00:00:00', NULL, 6.54, 47, 47),
(96, N'delivered', '2025-01-22 00:00:00', '2025-01-28 00:00:00', 18.28, 134, 134),
(97, N'delivered', '2024-03-31 00:00:00', '2024-04-03 00:00:00', 10.78, 132, 132),
(98, N'delivered', '2024-11-23 00:00:00', '2024-11-25 00:00:00', 5.24, 39, 39),
(99, N'delivered', '2024-01-30 00:00:00', '2024-02-04 00:00:00', 10.65, 36, 36),
(100, N'processing', '2024-09-09 00:00:00', NULL, 6.07, 20, 20),
(101, N'shipped', '2024-10-14 00:00:00', NULL, 11.25, 89, 89),
(102, N'shipped', '2024-02-14 00:00:00', NULL, 0.0, 24, 24),
(103, N'delivered', '2025-01-07 00:00:00', '2025-01-15 00:00:00', 12.0, 144, 144),
(104, N'shipped', '2024-12-02 00:00:00', NULL, 17.8, 25, 25),
(105, N'processing', '2024-05-28 00:00:00', NULL, 10.72, 112, 112),
(106, N'delivered', '2024-08-12 00:00:00', '2024-08-17 00:00:00', 13.66, 40, 40),
(107, N'delivered', '2024-12-30 00:00:00', '2025-01-06 00:00:00', 17.47, 31, 31),
(108, N'delivered', '2024-10-30 00:00:00', '2024-11-04 00:00:00', 8.39, 51, 51),
(109, N'delivered', '2024-01-29 00:00:00', '2024-02-06 00:00:00', 9.54, 7, 7),
(110, N'delivered', '2024-11-09 00:00:00', '2024-11-13 00:00:00', 0.0, 101, 101),
(111, N'delivered', '2024-05-26 00:00:00', '2024-05-28 00:00:00', 5.56, 20, 20),
(112, N'delivered', '2024-04-12 00:00:00', '2024-04-18 00:00:00', 8.81, 147, 147),
(113, N'delivered', '2024-03-03 00:00:00', '2024-03-06 00:00:00', 0.0, 47, 47),
(114, N'processing', '2025-01-29 00:00:00', NULL, 17.53, 144, 144),
(115, N'delivered', '2024-06-22 00:00:00', '2024-06-27 00:00:00', 16.87, 90, 90),
(116, N'delivered', '2024-08-01 00:00:00', '2024-08-09 00:00:00', 0.0, 83, 83),
(117, N'shipped', '2024-09-11 00:00:00', NULL, 12.59, 26, 26),
(118, N'delivered', '2024-04-07 00:00:00', '2024-04-11 00:00:00', 0.0, 95, 95),
(119, N'processing', '2024-02-27 00:00:00', NULL, 0.0, 44, 44),
(120, N'delivered', '2024-02-22 00:00:00', '2024-02-26 00:00:00', 0.0, 57, 57),
(121, N'processing', '2025-01-06 00:00:00', NULL, 11.08, 19, 19),
(122, N'shipped', '2024-10-05 00:00:00', NULL, 11.49, 74, 74),
(123, N'processing', '2024-04-12 00:00:00', NULL, 17.99, 77, 77),
(124, N'processing', '2024-01-04 00:00:00', NULL, 17.24, 56, 56),
(125, N'delivered', '2024-12-02 00:00:00', '2024-12-07 00:00:00', 0.0, 95, 95),
(126, N'delivered', '2024-07-24 00:00:00', '2024-07-31 00:00:00', 19.29, 40, 40),
(127, N'delivered', '2024-08-13 00:00:00', '2024-08-15 00:00:00', 15.81, 120, 120),
(128, N'shipped', '2024-11-11 00:00:00', NULL, 0.0, 133, 133),
(129, N'processing', '2024-11-04 00:00:00', NULL, 0.0, 149, 149),
(130, N'processing', '2024-05-05 00:00:00', NULL, 6.57, 43, 43),
(131, N'delivered', '2024-02-03 00:00:00', '2024-02-05 00:00:00', 16.45, 48, 48),
(132, N'processing', '2025-01-18 00:00:00', NULL, 0.0, 67, 67),
(133, N'delivered', '2024-05-05 00:00:00', '2024-05-09 00:00:00', 7.8, 145, 145),
(134, N'delivered', '2024-09-14 00:00:00', '2024-09-20 00:00:00', 18.89, 127, 127),
(135, N'delivered', '2024-10-31 00:00:00', '2024-11-07 00:00:00', 19.54, 38, 38),
(136, N'delivered', '2025-01-25 00:00:00', '2025-01-31 00:00:00', 12.41, 47, 47),
(137, N'delivered', '2024-03-05 00:00:00', '2024-03-09 00:00:00', 0.0, 91, 91),
(138, N'processing', '2024-05-25 00:00:00', NULL, 0.0, 130, 130),
(139, N'shipped', '2024-12-31 00:00:00', NULL, 0.0, 131, 131),
(140, N'delivered', '2024-05-27 00:00:00', '2024-06-03 00:00:00', 0.0, 108, 108),
(141, N'shipped', '2024-08-29 00:00:00', NULL, 0.0, 121, 121),
(142, N'processing', '2024-08-25 00:00:00', NULL, 11.93, 19, 19),
(143, N'delivered', '2024-10-01 00:00:00', '2024-10-07 00:00:00', 18.1, 54, 54),
(144, N'delivered', '2024-08-14 00:00:00', '2024-08-17 00:00:00', 7.15, 16, 16),
(145, N'shipped', '2024-08-29 00:00:00', NULL, 0.0, 94, 94),
(146, N'processing', '2024-06-16 00:00:00', NULL, 13.49, 52, 52),
(147, N'delivered', '2024-03-23 00:00:00', '2024-03-28 00:00:00', 17.31, 150, 150),
(148, N'delivered', '2024-07-05 00:00:00', '2024-07-12 00:00:00', 15.73, 101, 101),
(149, N'delivered', '2025-01-26 00:00:00', '2025-01-29 00:00:00', 5.32, 11, 11),
(150, N'delivered', '2024-04-18 00:00:00', '2024-04-23 00:00:00', 16.89, 84, 84);
GO

-- PAYMENTS (150)
INSERT INTO Payment (paymentID, amount, payment_date, status, method, Order_id) VALUES
(1, 116.22, '2024-09-21 00:00:00', N'completed', N'credit_card', 1),
(2, 648.54, '2024-03-01 00:00:00', N'pending', N'paypal', 2),
(3, 1197.11, '2024-07-25 00:00:00', N'completed', N'paypal', 3),
(4, 653.28, '2024-01-05 00:00:00', N'completed', N'paypal', 4),
(5, 965.14, '2024-07-09 00:00:00', N'completed', N'debit_card', 5),
(6, 1045.03, '2024-03-17 00:00:00', N'completed', N'credit_card', 6),
(7, 387.87, '2024-06-12 00:00:00', N'pending', N'debit_card', 7),
(8, 358.28, '2024-12-23 00:00:00', N'completed', N'credit_card', 8),
(9, 658.18, '2024-06-04 00:00:00', N'completed', N'credit_card', 9),
(10, 60.56, '2025-01-29 00:00:00', N'pending', N'paypal', 10),
(11, 1079.68, '2024-06-12 00:00:00', N'completed', N'credit_card', 11),
(12, 948.39, '2024-09-14 00:00:00', N'completed', N'paypal', 12),
(13, 594.53, '2024-10-02 00:00:00', N'completed', N'debit_card', 13),
(14, 965.67, '2024-02-02 00:00:00', N'pending', N'credit_card', 14),
(15, 103.5, '2024-12-20 00:00:00', N'completed', N'debit_card', 15),
(16, 551.51, '2024-02-02 00:00:00', N'completed', N'credit_card', 16),
(17, 673.24, '2024-10-25 00:00:00', N'completed', N'paypal', 17),
(18, 1007.11, '2024-12-20 00:00:00', N'completed', N'paypal', 18),
(19, 1187.19, '2024-03-06 00:00:00', N'completed', N'debit_card', 19),
(20, 135.24, '2024-12-26 00:00:00', N'completed', N'credit_card', 20),
(21, 353.1, '2024-12-28 00:00:00', N'pending', N'paypal', 21),
(22, 975.92, '2024-05-20 00:00:00', N'pending', N'credit_card', 22),
(23, 122.57, '2025-01-03 00:00:00', N'completed', N'debit_card', 23),
(24, 45.09, '2024-12-31 00:00:00', N'completed', N'debit_card', 24),
(25, 661.97, '2024-06-16 00:00:00', N'completed', N'debit_card', 25),
(26, 212.79, '2024-07-01 00:00:00', N'completed', N'credit_card', 26),
(27, 308.81, '2024-06-26 00:00:00', N'pending', N'debit_card', 27),
(28, 667.87, '2024-12-31 00:00:00', N'completed', N'credit_card', 28),
(29, 863.4, '2024-11-19 00:00:00', N'completed', N'debit_card', 29),
(30, 216.14, '2025-01-20 00:00:00', N'completed', N'credit_card', 30),
(31, 370.47, '2024-10-21 00:00:00', N'completed', N'debit_card', 31),
(32, 1034.53, '2024-04-22 00:00:00', N'pending', N'paypal', 32),
(33, 1088.36, '2024-06-13 00:00:00', N'completed', N'paypal', 33),
(34, 279.48, '2024-06-09 00:00:00', N'completed', N'debit_card', 34),
(35, 207.28, '2024-06-29 00:00:00', N'completed', N'credit_card', 35),
(36, 315.97, '2024-06-12 00:00:00', N'pending', N'credit_card', 36),
(37, 947.73, '2024-08-07 00:00:00', N'pending', N'paypal', 37),
(38, 736.16, '2024-05-25 00:00:00', N'completed', N'credit_card', 38),
(39, 283.61, '2024-10-03 00:00:00', N'completed', N'credit_card', 39),
(40, 1084.38, '2024-03-28 00:00:00', N'completed', N'credit_card', 40),
(41, 978.3, '2024-05-24 00:00:00', N'completed', N'credit_card', 41),
(42, 207.49, '2024-05-06 00:00:00', N'pending', N'debit_card', 42),
(43, 789.59, '2024-12-15 00:00:00', N'completed', N'debit_card', 43),
(44, 213.55, '2025-02-01 00:00:00', N'completed', N'credit_card', 44),
(45, 907.11, '2024-08-12 00:00:00', N'pending', N'credit_card', 45),
(46, 643.86, '2024-04-22 00:00:00', N'pending', N'debit_card', 46),
(47, 524.99, '2024-05-23 00:00:00', N'completed', N'paypal', 47),
(48, 1141.0, '2024-12-19 00:00:00', N'completed', N'paypal', 48),
(49, 1081.71, '2024-10-24 00:00:00', N'pending', N'credit_card', 49),
(50, 1063.7, '2024-03-01 00:00:00', N'completed', N'credit_card', 50),
(51, 206.6, '2024-10-16 00:00:00', N'completed', N'credit_card', 51),
(52, 795.15, '2024-04-07 00:00:00', N'completed', N'debit_card', 52),
(53, 275.66, '2024-07-30 00:00:00', N'completed', N'debit_card', 53),
(54, 748.01, '2024-04-22 00:00:00', N'completed', N'debit_card', 54),
(55, 846.59, '2024-05-26 00:00:00', N'pending', N'paypal', 55),
(56, 42.66, '2024-01-02 00:00:00', N'completed', N'credit_card', 56),
(57, 649.35, '2024-08-08 00:00:00', N'completed', N'credit_card', 57),
(58, 1159.69, '2024-03-29 00:00:00', N'completed', N'credit_card', 58),
(59, 44.02, '2024-01-24 00:00:00', N'completed', N'debit_card', 59),
(60, 852.85, '2025-01-23 00:00:00', N'completed', N'credit_card', 60),
(61, 200.95, '2024-10-04 00:00:00', N'completed', N'credit_card', 61),
(62, 203.99, '2024-02-13 00:00:00', N'pending', N'credit_card', 62),
(63, 915.07, '2024-01-11 00:00:00', N'completed', N'credit_card', 63),
(64, 615.27, '2024-11-12 00:00:00', N'pending', N'paypal', 64),
(65, 164.03, '2025-01-11 00:00:00', N'completed', N'debit_card', 65),
(66, 282.74, '2024-12-03 00:00:00', N'completed', N'debit_card', 66),
(67, 1123.51, '2024-10-17 00:00:00', N'completed', N'credit_card', 67),
(68, 959.28, '2024-05-29 00:00:00', N'completed', N'debit_card', 68),
(69, 336.49, '2024-03-19 00:00:00', N'completed', N'credit_card', 69),
(70, 691.82, '2024-05-26 00:00:00', N'completed', N'debit_card', 70),
(71, 425.27, '2024-10-06 00:00:00', N'completed', N'credit_card', 71),
(72, 584.13, '2024-01-03 00:00:00', N'completed', N'credit_card', 72),
(73, 312.55, '2024-02-21 00:00:00', N'completed', N'credit_card', 73),
(74, 1088.45, '2024-07-18 00:00:00', N'completed', N'credit_card', 74),
(75, 612.26, '2024-06-16 00:00:00', N'completed', N'debit_card', 75),
(76, 685.96, '2024-12-10 00:00:00', N'completed', N'paypal', 76),
(77, 974.43, '2024-05-12 00:00:00', N'pending', N'debit_card', 77),
(78, 1048.57, '2024-12-22 00:00:00', N'completed', N'credit_card', 78),
(79, 562.14, '2024-05-10 00:00:00', N'pending', N'credit_card', 79),
(80, 957.57, '2024-08-27 00:00:00', N'pending', N'paypal', 80),
(81, 865.63, '2024-01-22 00:00:00', N'completed', N'debit_card', 81),
(82, 266.45, '2024-01-20 00:00:00', N'pending', N'credit_card', 82),
(83, 517.18, '2024-09-07 00:00:00', N'completed', N'debit_card', 83),
(84, 441.52, '2024-09-30 00:00:00', N'completed', N'paypal', 84),
(85, 1021.13, '2024-07-02 00:00:00', N'completed', N'paypal', 85),
(86, 945.35, '2024-01-04 00:00:00', N'completed', N'credit_card', 86),
(87, 440.95, '2024-01-24 00:00:00', N'pending', N'debit_card', 87),
(88, 1167.05, '2024-11-12 00:00:00', N'completed', N'credit_card', 88),
(89, 478.09, '2025-01-25 00:00:00', N'completed', N'paypal', 89),
(90, 840.42, '2024-06-08 00:00:00', N'completed', N'debit_card', 90),
(91, 557.98, '2024-08-08 00:00:00', N'completed', N'credit_card', 91),
(92, 1059.3, '2024-12-04 00:00:00', N'completed', N'credit_card', 92),
(93, 221.51, '2024-06-16 00:00:00', N'completed', N'credit_card', 93),
(94, 714.85, '2024-07-30 00:00:00', N'completed', N'credit_card', 94),
(95, 223.52, '2024-12-16 00:00:00', N'completed', N'credit_card', 95),
(96, 405.39, '2024-06-23 00:00:00', N'completed', N'credit_card', 96),
(97, 189.29, '2024-09-24 00:00:00', N'completed', N'credit_card', 97),
(98, 683.48, '2024-07-11 00:00:00', N'completed', N'credit_card', 98),
(99, 548.52, '2024-12-24 00:00:00', N'completed', N'paypal', 99),
(100, 783.09, '2024-09-19 00:00:00', N'completed', N'credit_card', 100),
(101, 179.06, '2024-02-01 00:00:00', N'completed', N'credit_card', 101),
(102, 62.52, '2025-01-04 00:00:00', N'pending', N'credit_card', 102),
(103, 717.72, '2024-09-09 00:00:00', N'completed', N'debit_card', 103),
(104, 638.99, '2024-07-07 00:00:00', N'completed', N'debit_card', 104),
(105, 843.32, '2024-05-07 00:00:00', N'completed', N'paypal', 105),
(106, 695.99, '2024-10-27 00:00:00', N'completed', N'debit_card', 106),
(107, 160.64, '2024-02-07 00:00:00', N'pending', N'credit_card', 107),
(108, 260.29, '2024-03-01 00:00:00', N'pending', N'credit_card', 108),
(109, 48.35, '2024-12-27 00:00:00', N'completed', N'paypal', 109),
(110, 874.36, '2024-08-25 00:00:00', N'completed', N'debit_card', 110),
(111, 137.32, '2024-12-18 00:00:00', N'pending', N'credit_card', 111),
(112, 299.28, '2025-01-04 00:00:00', N'pending', N'paypal', 112),
(113, 449.34, '2024-08-02 00:00:00', N'pending', N'debit_card', 113),
(114, 877.82, '2024-07-10 00:00:00', N'completed', N'credit_card', 114),
(115, 800.24, '2024-10-04 00:00:00', N'completed', N'debit_card', 115),
(116, 746.65, '2024-05-26 00:00:00', N'completed', N'credit_card', 116),
(117, 1096.35, '2024-03-06 00:00:00', N'completed', N'credit_card', 117),
(118, 216.75, '2024-08-27 00:00:00', N'completed', N'credit_card', 118),
(119, 676.29, '2024-02-05 00:00:00', N'completed', N'credit_card', 119),
(120, 1022.14, '2024-06-09 00:00:00', N'completed', N'debit_card', 120),
(121, 609.79, '2024-06-27 00:00:00', N'completed', N'debit_card', 121),
(122, 82.12, '2024-08-30 00:00:00', N'completed', N'credit_card', 122),
(123, 1040.98, '2024-11-17 00:00:00', N'pending', N'credit_card', 123),
(124, 623.31, '2024-05-11 00:00:00', N'completed', N'credit_card', 124),
(125, 678.31, '2024-07-22 00:00:00', N'completed', N'credit_card', 125),
(126, 638.41, '2024-09-14 00:00:00', N'completed', N'debit_card', 126),
(127, 382.07, '2025-01-28 00:00:00', N'pending', N'credit_card', 127),
(128, 78.02, '2024-03-31 00:00:00', N'completed', N'paypal', 128),
(129, 1107.64, '2024-04-28 00:00:00', N'completed', N'credit_card', 129),
(130, 1003.78, '2024-10-11 00:00:00', N'pending', N'paypal', 130),
(131, 832.14, '2024-04-26 00:00:00', N'pending', N'credit_card', 131),
(132, 929.49, '2024-04-01 00:00:00', N'completed', N'debit_card', 132),
(133, 451.49, '2024-02-18 00:00:00', N'completed', N'credit_card', 133),
(134, 230.76, '2024-07-12 00:00:00', N'completed', N'debit_card', 134),
(135, 1157.51, '2025-01-28 00:00:00', N'pending', N'credit_card', 135),
(136, 180.98, '2025-01-08 00:00:00', N'completed', N'debit_card', 136),
(137, 930.82, '2024-12-02 00:00:00', N'completed', N'credit_card', 137),
(138, 516.35, '2024-06-15 00:00:00', N'completed', N'credit_card', 138),
(139, 561.32, '2024-04-07 00:00:00', N'completed', N'credit_card', 139),
(140, 748.47, '2024-10-31 00:00:00', N'completed', N'paypal', 140),
(141, 963.44, '2025-02-04 00:00:00', N'completed', N'credit_card', 141),
(142, 585.02, '2024-08-25 00:00:00', N'completed', N'credit_card', 142),
(143, 712.93, '2024-08-10 00:00:00', N'completed', N'credit_card', 143),
(144, 466.03, '2024-07-13 00:00:00', N'pending', N'paypal', 144),
(145, 171.8, '2024-03-20 00:00:00', N'pending', N'paypal', 145),
(146, 564.68, '2024-03-16 00:00:00', N'completed', N'credit_card', 146),
(147, 703.19, '2024-12-05 00:00:00', N'completed', N'credit_card', 147),
(148, 472.61, '2024-01-16 00:00:00', N'completed', N'paypal', 148),
(149, 262.75, '2024-06-02 00:00:00', N'completed', N'credit_card', 149),
(150, 562.98, '2024-03-23 00:00:00', N'pending', N'credit_card', 150);
GO

-- ORDERDETAILS (250 items)
INSERT INTO OrderDetails (order_id, product_id, quantity, unit_price) VALUES
(1, 88, 1, 398.87),
(1, 16, 3, 143.73),
(2, 82, 1, 553.34),
(2, 68, 3, 348.63),
(3, 78, 3, 297.82),
(4, 28, 2, 100.11),
(4, 21, 2, 62.37),
(5, 27, 1, 36.83),
(5, 32, 2, 90.74),
(6, 18, 1, 128.87),
(6, 37, 1, 606.38),
(6, 96, 3, 167.75),
(7, 27, 3, 157.18),
(7, 45, 1, 36.3),
(8, 99, 3, 48.67),
(8, 34, 3, 82.04),
(9, 94, 2, 26.44),
(9, 62, 3, 16.16),
(10, 61, 2, 20.67),
(11, 2, 1, 726.47),
(11, 88, 3, 528.67),
(12, 84, 3, 485.9),
(12, 69, 3, 319.5),
(12, 38, 3, 627.72),
(13, 25, 2, 197.38),
(13, 50, 3, 475.12),
(13, 40, 2, 199.03),
(14, 50, 2, 593.17),
(14, 37, 3, 641.3),
(15, 10, 3, 448.61),
(15, 16, 2, 299.44),
(16, 85, 2, 113.95),
(16, 69, 2, 247.98),
(17, 57, 1, 14.43),
(17, 25, 1, 220.64),
(18, 31, 1, 179.04),
(18, 57, 3, 17.26),
(18, 63, 2, 19.44),
(19, 12, 3, 369.28),
(19, 15, 2, 105.08),
(20, 28, 3, 196.47),
(20, 85, 3, 392.61),
(20, 49, 3, 731.36),
(21, 25, 2, 229.77),
(21, 82, 3, 520.8),
(22, 8, 3, 2022.12),
(22, 21, 1, 180.26),
(23, 97, 1, 130.96),
(23, 9, 2, 1951.42),
(24, 11, 1, 228.58),
(24, 75, 2, 311.89),
(25, 97, 1, 98.24),
(25, 51, 2, 639.41),
(26, 31, 3, 124.67),
(26, 14, 1, 95.04),
(27, 7, 1, 1382.11),
(27, 100, 3, 95.62),
(27, 55, 3, 593.81),
(28, 78, 2, 312.28),
(29, 10, 3, 1794.37),
(30, 4, 2, 584.43),
(30, 89, 2, 551.19),
(30, 45, 1, 415.06),
(31, 68, 1, 405.58),
(31, 17, 1, 290.26),
(32, 9, 2, 1521.96),
(33, 100, 1, 48.57),
(33, 69, 3, 224.99),
(34, 95, 1, 27.4),
(34, 29, 3, 169.53),
(34, 3, 3, 530.04),
(35, 76, 2, 273.41),
(35, 25, 2, 132.66),
(36, 46, 2, 714.28),
(37, 88, 3, 275.76),
(38, 34, 3, 67.08),
(38, 81, 1, 98.98),
(39, 84, 1, 43.27),
(40, 68, 3, 131.07),
(40, 20, 2, 361.78),
(41, 62, 2, 19.37),
(41, 43, 2, 405.02),
(42, 85, 1, 7.46),
(42, 77, 2, 178.13),
(43, 31, 1, 252.83),
(43, 87, 3, 424.65),
(43, 52, 3, 561.69),
(44, 98, 1, 146.78),
(44, 57, 3, 16.44),
(45, 59, 3, 16.65),
(46, 46, 2, 437.63),
(46, 65, 3, 15.98),
(47, 69, 1, 28.02),
(47, 24, 1, 194.88),
(48, 55, 1, 81.96),
(48, 71, 1, 443.67),
(48, 93, 3, 70.27),
(49, 59, 1, 17.32),
(49, 49, 3, 330.54),
(50, 95, 1, 124.14),
(51, 30, 2, 124.26),
(51, 51, 2, 723.25),
(52, 39, 3, 376.25),
(53, 9, 1, 1944.75),
(53, 78, 3, 214.99),
(54, 65, 3, 13.02),
(54, 25, 2, 232.5),
(55, 4, 3, 1013.97),
(55, 87, 2, 182.76),
(56, 5, 2, 1491.69),
(56, 86, 3, 186.16),
(56, 13, 1, 148.14),
(57, 22, 1, 51.15),
(58, 41, 1, 88.6),
(58, 98, 1, 97.41),
(59, 22, 1, 206.86),
(60, 92, 3, 56.24),
(60, 63, 1, 17.94),
(61, 3, 3, 845.92),
(61, 72, 2, 248.1),
(61, 46, 3, 563.15),
(62, 97, 2, 79.76),
(62, 18, 1, 382.7),
(62, 15, 3, 437.04),
(63, 63, 1, 12.9),
(64, 34, 2, 149.94),
(64, 98, 1, 137.24),
(65, 45, 2, 337.05),
(65, 31, 1, 50.67),
(66, 30, 1, 88.47),
(66, 99, 2, 22.75),
(66, 19, 1, 56.43),
(67, 15, 2, 116.23),
(68, 44, 1, 522.09),
(69, 36, 1, 564.32),
(69, 44, 2, 118.37),
(69, 88, 1, 347.54),
(70, 41, 3, 555.0),
(70, 85, 2, 539.51),
(71, 91, 3, 171.22),
(71, 76, 1, 326.12),
(72, 57, 2, 15.1),
(72, 35, 3, 142.23),
(73, 33, 1, 39.71),
(74, 6, 3, 1182.35),
(74, 15, 1, 367.92),
(75, 53, 1, 311.09),
(75, 17, 3, 141.91),
(76, 70, 1, 342.45),
(76, 51, 2, 309.42),
(76, 94, 1, 61.97),
(77, 90, 3, 234.49),
(77, 29, 2, 266.14),
(77, 12, 2, 324.83),
(78, 71, 2, 107.23),
(78, 91, 1, 39.01),
(78, 56, 3, 15.54),
(79, 67, 2, 227.69),
(80, 66, 2, 172.14),
(80, 25, 3, 267.85),
(81, 84, 2, 421.05),
(82, 43, 2, 377.83),
(82, 92, 2, 45.95),
(82, 26, 1, 243.21),
(83, 43, 2, 397.48),
(83, 30, 3, 251.44),
(84, 5, 3, 1274.19),
(84, 1, 3, 1415.93),
(85, 21, 1, 24.63),
(85, 48, 3, 320.35),
(86, 96, 2, 167.48),
(86, 32, 3, 272.36),
(87, 65, 1, 20.07),
(88, 70, 3, 143.96),
(88, 5, 2, 1687.0),
(89, 95, 1, 114.48),
(89, 72, 1, 57.65),
(90, 26, 3, 61.78),
(90, 100, 2, 36.18),
(90, 24, 2, 255.45),
(91, 91, 1, 183.28),
(92, 53, 1, 183.65),
(92, 75, 1, 368.12),
(93, 37, 1, 406.83),
(93, 15, 1, 160.79),
(94, 65, 2, 17.64),
(94, 3, 2, 1303.64),
(95, 71, 2, 173.65),
(95, 31, 1, 256.6),
(95, 24, 2, 199.66),
(96, 22, 2, 293.15),
(96, 79, 2, 54.5),
(97, 12, 2, 255.64),
(97, 62, 1, 19.42),
(98, 3, 1, 1800.66),
(98, 61, 3, 15.08),
(98, 67, 2, 396.14),
(99, 11, 1, 52.67),
(99, 69, 2, 175.17),
(100, 83, 3, 411.28),
(100, 44, 3, 621.97),
(100, 82, 3, 120.33),
(101, 11, 1, 278.91),
(101, 14, 1, 386.23),
(101, 90, 2, 350.13),
(102, 95, 2, 36.55),
(102, 78, 1, 354.35),
(103, 51, 2, 594.62),
(103, 41, 1, 96.0),
(104, 11, 2, 255.82),
(104, 35, 2, 223.1),
(105, 99, 2, 120.36),
(106, 16, 1, 196.47),
(106, 49, 2, 88.25),
(107, 56, 1, 20.13),
(108, 46, 3, 638.79),
(108, 88, 2, 339.45),
(109, 77, 2, 401.18),
(109, 52, 2, 677.49),
(109, 64, 2, 14.0),
(110, 78, 2, 441.03),
(110, 3, 3, 599.56),
(111, 89, 1, 177.98),
(111, 63, 2, 20.25),
(112, 31, 1, 204.48),
(113, 1, 2, 1463.04),
(113, 55, 2, 382.2),
(114, 45, 1, 491.03),
(114, 92, 2, 149.8),
(114, 33, 1, 71.28),
(115, 21, 1, 277.74),
(115, 96, 3, 74.6),
(115, 99, 2, 136.96),
(116, 25, 3, 113.23),
(117, 62, 1, 17.94),
(117, 78, 1, 416.18),
(118, 51, 2, 421.15),
(118, 74, 3, 365.42),
(119, 65, 3, 19.42),
(119, 9, 3, 841.38),
(120, 30, 3, 188.28),
(120, 91, 1, 114.4),
(121, 30, 2, 67.51),
(121, 5, 2, 1178.67),
(121, 20, 2, 64.37),
(122, 20, 2, 316.62),
(122, 53, 1, 453.06),
(122, 47, 2, 396.02),
(123, 68, 3, 307.79),
(123, 82, 1, 119.32);
GO

-- REVIEWS (100 reviews)
INSERT INTO Review (ReviewID, rating, comment, review_date, Product_id, User_id, Order_id) VALUES
(1, 4.0, N'Outstanding quality!', '2024-05-19 00:00:00', 90, 75, 1),
(2, 2.7, N'Outstanding quality!', '2024-08-22 00:00:00', 55, 122, 4),
(3, 4.8, N'Very happy with this.', '2024-12-03 00:00:00', 81, 129, 5),
(4, 3.1, N'Love this item! Perfect.', '2024-06-12 00:00:00', 78, 49, 7),
(5, 2.6, N'Great quality and fast shipping.', '2024-10-29 00:00:00', 58, 119, 8),
(6, 4.9, N'Solid quality product.', '2024-12-25 00:00:00', 19, 57, 9),
(7, 4.8, N'Very happy with this.', '2024-07-15 00:00:00', 75, 111, 10),
(8, 4.1, N'Satisfied with purchase.', '2024-10-11 00:00:00', 93, 63, 11),
(9, 4.0, N'Outstanding quality!', '2024-02-19 00:00:00', 1, 71, 12),
(10, 4.4, N'Outstanding quality!', '2025-01-31 00:00:00', 30, 13, 13),
(11, 3.3, N'Perfect product.', '2024-04-06 00:00:00', 56, 95, 15),
(12, 4.7, N'Pretty good product overall.', '2024-07-12 00:00:00', 17, 70, 16),
(13, 4.5, N'Good value for money.', '2024-03-17 00:00:00', 96, 41, 17),
(14, 4.1, N'Excellent product! Exceeded expectations.', '2024-11-22 00:00:00', 94, 81, 18),
(15, 4.0, N'Outstanding quality!', '2025-02-09 00:00:00', 51, 85, 19),
(16, 4.5, N'Excellent product! Exceeded expectations.', '2024-11-19 00:00:00', 92, 111, 20),
(17, 4.2, N'Really good quality.', '2024-04-06 00:00:00', 95, 60, 21),
(18, 4.6, N'Exactly what I wanted.', '2025-02-03 00:00:00', 26, 99, 23),
(19, 4.2, N'Good value for money.', '2024-05-01 00:00:00', 62, 26, 24),
(20, 4.8, N'Pretty good product overall.', '2024-05-22 00:00:00', 71, 25, 27),
(21, 2.6, N'Excellent product! Exceeded expectations.', '2024-08-18 00:00:00', 12, 105, 28),
(22, 4.1, N'Good product, recommended.', '2024-07-22 00:00:00', 67, 58, 29),
(23, 3.6, N'Decent for the price.', '2024-04-03 00:00:00', 40, 64, 31),
(24, 4.8, N'Good value for money.', '2024-07-13 00:00:00', 25, 6, 34),
(25, 4.1, N'Love this item! Perfect.', '2024-02-11 00:00:00', 57, 121, 37),
(26, 4.7, N'Excellent product! Exceeded expectations.', '2024-09-24 00:00:00', 88, 69, 38),
(27, 4.6, N'Perfect product.', '2024-08-30 00:00:00', 73, 141, 40),
(28, 3.1, N'Good product, recommended.', '2024-04-10 00:00:00', 21, 106, 43),
(29, 4.1, N'Good value for money.', '2025-02-24 00:00:00', 33, 122, 44),
(30, 4.1, N'Really good quality.', '2025-02-04 00:00:00', 37, 56, 45),
(31, 4.1, N'Good product, recommended.', '2024-04-12 00:00:00', 1, 8, 46),
(32, 4.6, N'Nice product. Happy.', '2024-10-24 00:00:00', 89, 96, 48),
(33, 3.2, N'Love this item! Perfect.', '2024-12-28 00:00:00', 49, 77, 51),
(34, 2.9, N'Great quality and fast shipping.', '2024-05-01 00:00:00', 7, 102, 52),
(35, 4.8, N'Impressive quality.', '2024-03-03 00:00:00', 83, 89, 54),
(36, 2.6, N'Decent for the price.', '2024-02-28 00:00:00', 77, 144, 55),
(37, 4.9, N'Really good quality.', '2025-01-22 00:00:00', 98, 100, 56),
(38, 4.2, N'Amazing quality. Will buy again.', '2024-03-05 00:00:00', 87, 118, 57),
(39, 4.1, N'Pretty good product overall.', '2024-09-13 00:00:00', 18, 103, 59),
(40, 4.5, N'Exactly what I wanted.', '2025-02-11 00:00:00', 14, 135, 63),
(41, 4.8, N'Impressive quality.', '2024-05-06 00:00:00', 89, 137, 64),
(42, 4.7, N'Perfect product.', '2024-05-27 00:00:00', 6, 38, 65),
(43, 4.9, N'Good product, recommended.', '2024-10-04 00:00:00', 33, 109, 67),
(44, 4.7, N'Excellent value!', '2024-07-27 00:00:00', 14, 30, 68),
(45, 4.9, N'Nice product. Happy.', '2024-06-24 00:00:00', 68, 150, 69),
(46, 4.7, N'Outstanding quality!', '2024-02-28 00:00:00', 28, 21, 70),
(47, 3.7, N'Exactly what I wanted.', '2025-02-12 00:00:00', 96, 23, 72),
(48, 4.2, N'Fantastic purchase!', '2024-07-01 00:00:00', 55, 69, 73),
(49, 4.9, N'Impressive quality.', '2024-05-01 00:00:00', 49, 14, 74),
(50, 4.2, N'Perfect product.', '2024-12-09 00:00:00', 41, 121, 75),
(51, 4.8, N'Satisfied with purchase.', '2024-06-15 00:00:00', 12, 11, 76),
(52, 4.5, N'Decent for the price.', '2024-10-29 00:00:00', 10, 17, 77),
(53, 4.2, N'Satisfied with purchase.', '2024-06-26 00:00:00', 76, 149, 78),
(54, 4.1, N'Really good quality.', '2024-06-17 00:00:00', 82, 149, 80),
(55, 4.2, N'Pretty good product overall.', '2024-10-27 00:00:00', 41, 62, 81),
(56, 2.6, N'Love this item! Perfect.', '2025-02-02 00:00:00', 34, 114, 83),
(57, 4.3, N'Very happy with this.', '2024-06-03 00:00:00', 72, 136, 84),
(58, 4.9, N'Excellent product! Exceeded expectations.', '2024-02-15 00:00:00', 14, 109, 85),
(59, 4.5, N'Good product, recommended.', '2024-07-08 00:00:00', 1, 81, 91),
(60, 4.5, N'Excellent product! Exceeded expectations.', '2024-03-25 00:00:00', 64, 8, 92),
(61, 4.7, N'Very happy with this.', '2025-02-20 00:00:00', 41, 17, 94),
(62, 4.4, N'Nice product. Happy.', '2024-04-02 00:00:00', 83, 14, 95),
(63, 4.9, N'Very happy with this.', '2025-01-02 00:00:00', 29, 10, 96),
(64, 4.2, N'Fantastic purchase!', '2024-03-25 00:00:00', 14, 48, 97),
(65, 4.9, N'Good product, recommended.', '2025-01-23 00:00:00', 19, 122, 100),
(66, 4.7, N'Very happy with this.', '2024-11-10 00:00:00', 64, 129, 101),
(67, 3.1, N'Amazing quality. Will buy again.', '2025-01-24 00:00:00', 72, 63, 102),
(68, 4.6, N'Excellent product! Exceeded expectations.', '2024-11-27 00:00:00', 49, 114, 103),
(69, 4.1, N'Really good quality.', '2024-11-02 00:00:00', 53, 11, 104),
(70, 4.3, N'Excellent product! Exceeded expectations.', '2024-07-08 00:00:00', 30, 145, 105),
(71, 4.2, N'Good product, recommended.', '2025-01-28 00:00:00', 21, 56, 107),
(72, 4.7, N'Solid quality product.', '2024-09-09 00:00:00', 82, 26, 108),
(73, 4.3, N'Outstanding quality!', '2024-05-13 00:00:00', 49, 9, 109),
(74, 5.0, N'Perfect product.', '2025-02-20 00:00:00', 50, 111, 112),
(75, 4.7, N'Excellent value!', '2024-02-20 00:00:00', 89, 134, 113),
(76, 4.3, N'Exactly what I wanted.', '2024-06-13 00:00:00', 21, 9, 114),
(77, 2.5, N'Satisfied with purchase.', '2024-03-18 00:00:00', 75, 78, 115),
(78, 4.5, N'Impressive quality.', '2024-06-22 00:00:00', 92, 72, 117),
(79, 3.4, N'Good product, recommended.', '2024-02-25 00:00:00', 95, 130, 118),
(80, 4.2, N'Pretty good product overall.', '2024-07-18 00:00:00', 12, 134, 122),
(81, 4.2, N'Excellent product! Exceeded expectations.', '2024-07-26 00:00:00', 30, 148, 124),
(82, 4.1, N'Love this item! Perfect.', '2024-06-02 00:00:00', 46, 17, 127),
(83, 4.8, N'Perfect product.', '2024-11-20 00:00:00', 61, 61, 128),
(84, 4.9, N'Amazing quality. Will buy again.', '2025-02-19 00:00:00', 56, 99, 129),
(85, 4.3, N'Really good quality.', '2025-02-03 00:00:00', 94, 69, 130),
(86, 4.2, N'Nice product. Happy.', '2024-03-23 00:00:00', 77, 141, 131),
(87, 5.0, N'Great quality and fast shipping.', '2024-03-18 00:00:00', 83, 136, 134),
(88, 4.8, N'Really good quality.', '2024-02-22 00:00:00', 29, 115, 135),
(89, 4.1, N'Decent for the price.', '2024-04-23 00:00:00', 62, 35, 138),
(90, 4.2, N'Pretty good product overall.', '2024-04-25 00:00:00', 100, 9, 139),
(91, 5.0, N'Exactly what I wanted.', '2024-07-26 00:00:00', 14, 102, 140),
(92, 4.6, N'Pretty good product overall.', '2024-04-04 00:00:00', 60, 140, 142),
(93, 4.5, N'Love this item! Perfect.', '2024-08-18 00:00:00', 87, 109, 143),
(94, 4.7, N'Great item for the family.', '2024-11-25 00:00:00', 96, 46, 144),
(95, 4.1, N'Decent for the price.', '2024-06-15 00:00:00', 3, 35, 145),
(96, 3.5, N'Nice product. Happy.', '2024-06-24 00:00:00', 93, 142, 147),
(97, 4.5, N'Impressive quality.', '2024-05-10 00:00:00', 46, 65, 150);
GO

-- RETURNS (80 returns)
-- All returns validated against OrderDetails
INSERT INTO [Return] (returnID, refund_amount, return_date, reason, returned_quantity, order_id, product_id) VALUES
(1, 91.88, '2024-09-20 00:00:00', N'Quality issues', 2, 19, 15),
(2, 97.87, '2025-03-10 00:00:00', N'Changed my mind', 2, 16, 85),
(3, 184.39, '2024-06-29 00:00:00', N'Not as described', 1, 95, 24),
(4, 321.95, '2024-11-16 00:00:00', N'Item arrived damaged', 1, 74, 15),
(5, 163.76, '2025-02-06 00:00:00', N'Defective product', 1, 99, 69),
(6, 522.43, '2024-02-24 00:00:00', N'Wrong item received', 1, 43, 52),
(7, 408.94, '2024-03-05 00:00:00', N'Size incorrect', 1, 48, 71),
(8, 36.23, '2024-06-02 00:00:00', N'Color different', 1, 73, 33),
(9, 615.43, '2024-04-12 00:00:00', N'Quality issues', 1, 25, 51),
(10, 47.18, '2024-12-14 00:00:00', N'Size incorrect', 1, 57, 22),
(11, 127.51, '2024-07-13 00:00:00', N'Better price found', 1, 115, 99),
(12, 692.05, '2024-02-27 00:00:00', N'Quality issues', 1, 51, 51),
(13, 392.13, '2025-02-21 00:00:00', N'Size incorrect', 1, 41, 43),
(14, 88.27, '2024-02-09 00:00:00', N'Wrong item received', 2, 25, 97),
(15, 326.39, '2024-04-05 00:00:00', N'Not as described', 1, 92, 75),
(16, 218.98, '2024-10-13 00:00:00', N'Defective product', 1, 16, 69),
(17, 109.02, '2025-02-07 00:00:00', N'Size incorrect', 2, 105, 99),
(18, 457.81, '2024-05-25 00:00:00', N'Not as described', 2, 13, 50),
(19, 17.24, '2024-10-06 00:00:00', N'Quality issues', 1, 87, 65),
(20, 560.32, '2024-08-27 00:00:00', N'Better price found', 1, 100, 44),
(21, 291.29, '2024-03-23 00:00:00', N'Better price found', 2, 24, 75),
(22, 289.36, '2024-12-21 00:00:00', N'Changed my mind', 2, 122, 20),
(23, 473.64, '2024-11-10 00:00:00', N'Quality issues', 2, 2, 82),
(24, 1486.97, '2024-11-11 00:00:00', N'Better price found', 1, 56, 5),
(25, 331.03, '2024-09-18 00:00:00', N'No longer needed', 2, 19, 12),
(26, 198.58, '2024-04-20 00:00:00', N'Color different', 1, 59, 22),
(27, 53.51, '2024-06-30 00:00:00', N'Quality issues', 1, 90, 26),
(28, 468.42, '2024-03-30 00:00:00', N'Quality issues', 1, 70, 85),
(29, 152.43, '2025-01-20 00:00:00', N'Quality issues', 2, 86, 96),
(30, 293.77, '2024-11-07 00:00:00', N'Changed my mind', 2, 85, 48),
(31, 21.6, '2024-10-21 00:00:00', N'Color different', 2, 66, 99),
(32, 356.08, '2024-08-30 00:00:00', N'Defective product', 2, 30, 45),
(33, 319.98, '2024-05-19 00:00:00', N'Item arrived damaged', 1, 76, 70),
(34, 375.7, '2024-06-21 00:00:00', N'Defective product', 2, 82, 43),
(35, 77.08, '2024-06-24 00:00:00', N'Defective product', 1, 58, 41),
(36, 522.74, '2025-01-19 00:00:00', N'Better price found', 1, 14, 50),
(37, 238.67, '2024-11-18 00:00:00', N'Changed my mind', 1, 61, 72),
(38, 159.44, '2025-02-15 00:00:00', N'Changed my mind', 2, 22, 21),
(39, 133.57, '2024-04-19 00:00:00', N'Item arrived damaged', 2, 64, 34),
(40, 191.73, '2024-04-26 00:00:00', N'No longer needed', 1, 53, 78),
(41, 774.92, '2024-11-11 00:00:00', N'Better price found', 2, 119, 9),
(42, 180.81, '2024-06-27 00:00:00', N'No longer needed', 2, 120, 30),
(43, 313.37, '2025-01-01 00:00:00', N'Wrong item received', 1, 118, 74),
(44, 201.69, '2024-10-31 00:00:00', N'Size incorrect', 2, 17, 25),
(45, 11.59, '2024-08-28 00:00:00', N'Size incorrect', 1, 54, 65),
(46, 15.57, '2024-07-16 00:00:00', N'Changed my mind', 2, 60, 63),
(47, 178.56, '2024-07-15 00:00:00', N'Better price found', 2, 112, 31),
(48, 155.79, '2024-05-21 00:00:00', N'Wrong item received', 1, 95, 71),
(49, 17.69, '2024-10-01 00:00:00', N'Size incorrect', 1, 111, 63),
(50, 128.84, '2024-07-29 00:00:00', N'Defective product', 1, 6, 18),
(51, 134.67, '2024-02-22 00:00:00', N'Size incorrect', 2, 75, 17),
(52, 1402.16, '2024-04-23 00:00:00', N'Size incorrect', 1, 84, 1),
(53, 163.77, '2024-02-25 00:00:00', N'Size incorrect', 1, 18, 31),
(54, 36.06, '2025-01-03 00:00:00', N'Not as described', 1, 5, 27),
(55, 333.2, '2025-03-06 00:00:00', N'Color different', 1, 108, 88),
(56, 197.81, '2024-03-07 00:00:00', N'Wrong item received', 2, 21, 25),
(57, 161.35, '2024-09-20 00:00:00', N'Quality issues', 1, 55, 87),
(58, 129.79, '2024-05-24 00:00:00', N'Better price found', 2, 1, 16),
(59, 322.36, '2024-07-19 00:00:00', N'Wrong item received', 2, 102, 78),
(60, 680.3, '2024-08-11 00:00:00', N'Item arrived damaged', 2, 11, 2),
(61, 347.83, '2024-11-19 00:00:00', N'Changed my mind', 1, 93, 37),
(62, 545.74, '2025-02-07 00:00:00', N'Size incorrect', 1, 30, 89),
(63, 390.64, '2024-09-05 00:00:00', N'Better price found', 1, 43, 87),
(64, 536.64, '2024-07-05 00:00:00', N'Changed my mind', 2, 6, 37),
(65, 53.92, '2025-01-23 00:00:00', N'No longer needed', 1, 96, 79),
(66, 527.37, '2024-10-30 00:00:00', N'Changed my mind', 1, 103, 51),
(67, 22.58, '2024-12-11 00:00:00', N'Item arrived damaged', 2, 9, 94),
(68, 327.74, '2024-08-22 00:00:00', N'Not as described', 2, 69, 88),
(69, 225.71, '2025-02-04 00:00:00', N'Defective product', 1, 83, 30),
(70, 671.48, '2025-02-22 00:00:00', N'No longer needed', 1, 36, 46),
(71, 45.37, '2024-12-17 00:00:00', N'Wrong item received', 1, 65, 31),
(72, 84.0, '2024-07-14 00:00:00', N'Quality issues', 1, 26, 14),
(73, 17.17, '2025-01-16 00:00:00', N'Not as described', 2, 18, 57),
(74, 1683.33, '2024-04-17 00:00:00', N'Item arrived damaged', 1, 88, 5),
(75, 111.03, '2024-10-18 00:00:00', N'Color different', 2, 123, 82),
(76, 78.86, '2024-09-19 00:00:00', N'Not as described', 1, 48, 55),
(77, 105.72, '2024-10-06 00:00:00', N'Not as described', 2, 67, 15),
(78, 552.11, '2024-12-10 00:00:00', N'Quality issues', 1, 108, 46),
(79, 297.6, '2024-07-23 00:00:00', N'Not as described', 1, 3, 78),
(80, 286.67, '2024-11-26 00:00:00', N'Item arrived damaged', 2, 123, 68);
